location,date,aqi
Lanzhou,2022-11-16,142.0
Lanzhou,2022-11-15,116.0
Lanzhou,2022-11-14,113.0
Lanzhou,2022-11-13,92.0
Lanzhou,2022-11-12,88.0
Lanzhou,2022-11-11,141.0
Lanzhou,2022-11-10,139.0
Lanzhou,2022-11-09,111.0
Lanzhou,2022-11-08,113.0
Lanzhou,2022-11-05,86.0
Lanzhou,2022-11-04,85.0
Lanzhou,2022-11-03,109.0
Lanzhou,2022-11-02,107.0
Lanzhou,2022-11-01,96.0
Lanzhou,2022-10-31,104.0
Lanzhou,2022-10-30,111.0
Lanzhou,2022-10-29,70.0
Lanzhou,2022-10-28,96.0
Lanzhou,2022-10-27,89.0
Lanzhou,2022-10-26,105.0
Lanzhou,2022-10-25,127.0
Lanzhou,2022-10-24,115.0
Lanzhou,2022-10-23,104.0
Lanzhou,2022-10-22,126.0
Lanzhou,2022-10-21,125.0
Lanzhou,2022-10-20,103.0
Lanzhou,2022-10-19,116.0
Lanzhou,2022-10-18,113.0
Lanzhou,2022-10-17,99.0
Lanzhou,2022-10-16,109.0
Lanzhou,2022-10-15,132.0
Lanzhou,2022-10-14,102.0
Lanzhou,2022-10-13,87.0
Lanzhou,2022-10-12,101.0
Lanzhou,2022-10-11,94.0
Lanzhou,2022-10-10,95.0
Lanzhou,2022-10-09,96.0
Lanzhou,2022-10-08,86.0
Lanzhou,2022-10-07,96.0
Lanzhou,2022-10-06,97.0
Lanzhou,2022-10-05,91.0
Lanzhou,2022-10-04,89.0
Lanzhou,2022-10-03,85.0
Lanzhou,2022-10-02,84.0
Lanzhou,2022-10-01,93.0
Lanzhou,2022-09-30,95.0
Lanzhou,2022-09-29,92.0
Lanzhou,2022-09-28,100.0
Lanzhou,2022-09-27,84.0
Lanzhou,2022-09-26,94.0
Lanzhou,2022-09-25,82.0
Lanzhou,2022-09-24,85.0
Lanzhou,2022-09-23,89.0
Lanzhou,2022-09-22,80.0
Lanzhou,2022-09-21,71.0
Lanzhou,2022-09-20,76.0
Lanzhou,2022-09-19,87.0
Lanzhou,2022-09-18,79.0
Lanzhou,2022-09-17,86.0
Lanzhou,2022-09-16,73.0
Lanzhou,2022-09-15,70.0
Lanzhou,2022-09-14,86.0
Lanzhou,2022-09-13,85.0
Lanzhou,2022-09-12,90.0
Lanzhou,2022-09-11,92.0
Lanzhou,2022-09-10,87.0
Lanzhou,2022-09-09,77.0
Lanzhou,2022-09-08,84.0
Lanzhou,2022-09-07,88.0
Lanzhou,2022-09-06,85.0
Lanzhou,2022-09-04,76.0
Lanzhou,2022-09-03,76.0
Lanzhou,2022-09-02,80.0
Lanzhou,2022-09-01,55.0
Lanzhou,2022-08-31,92.0
Lanzhou,2022-08-30,82.0
Lanzhou,2022-08-29,89.0
Lanzhou,2022-08-28,58.0
Lanzhou,2022-08-27,60.0
Lanzhou,2022-08-26,63.0
Lanzhou,2022-08-25,75.0
Lanzhou,2022-08-24,79.0
Lanzhou,2022-08-23,72.0
Lanzhou,2022-08-22,88.0
Lanzhou,2022-08-21,70.0
Lanzhou,2022-08-20,76.0
Lanzhou,2022-08-19,84.0
Lanzhou,2022-08-18,75.0
Lanzhou,2022-08-17,71.0
Lanzhou,2022-08-16,78.0
Lanzhou,2022-08-15,72.0
Lanzhou,2022-08-14,73.0
Lanzhou,2022-08-13,76.0
Lanzhou,2022-08-12,75.0
Lanzhou,2022-08-11,75.0
Lanzhou,2022-08-10,88.0
Lanzhou,2022-08-09,74.0
Lanzhou,2022-08-08,69.0
Lanzhou,2022-08-07,70.0
Lanzhou,2022-08-06,74.0
Lanzhou,2022-08-05,73.0
Lanzhou,2022-08-04,75.0
Lanzhou,2022-08-03,84.0
Lanzhou,2022-08-02,78.0
Lanzhou,2022-08-01,48.0
Lanzhou,2022-07-31,70.0
Lanzhou,2022-07-30,70.0
Lanzhou,2022-07-29,94.0
Lanzhou,2022-07-28,93.0
Lanzhou,2022-07-27,99.0
Lanzhou,2022-07-26,72.0
Lanzhou,2022-07-25,73.0
Lanzhou,2022-07-24,77.0
Lanzhou,2022-07-23,77.0
Lanzhou,2022-07-22,86.0
Lanzhou,2022-07-21,76.0
Lanzhou,2022-07-20,79.0
Lanzhou,2022-07-19,71.0
Lanzhou,2022-07-18,73.0
Lanzhou,2022-07-17,49.0
Lanzhou,2022-07-16,63.0
Lanzhou,2022-07-15,75.0
Lanzhou,2022-07-14,86.0
Lanzhou,2022-07-13,78.0
Lanzhou,2022-07-12,78.0
Lanzhou,2022-07-11,84.0
Lanzhou,2022-07-10,95.0
Lanzhou,2022-07-09,124.0
Lanzhou,2022-07-08,103.0
Lanzhou,2022-07-07,86.0
Lanzhou,2022-07-06,98.0
Lanzhou,2022-07-05,86.0
Lanzhou,2022-07-04,73.0
Lanzhou,2022-07-03,87.0
Lanzhou,2022-07-02,83.0
Lanzhou,2022-07-01,69.0
Lanzhou,2022-06-30,73.0
Lanzhou,2022-06-29,71.0
Lanzhou,2022-06-28,70.0
Lanzhou,2022-06-27,70.0
Lanzhou,2022-06-26,66.0
Lanzhou,2022-06-25,57.0
Lanzhou,2022-06-24,67.0
Lanzhou,2022-06-23,71.0
Lanzhou,2022-06-22,101.0
Lanzhou,2022-06-21,65.0
Lanzhou,2022-06-20,66.0
Lanzhou,2022-06-19,65.0
Lanzhou,2022-06-18,68.0
Lanzhou,2022-06-17,83.0
Lanzhou,2022-06-16,83.0
Lanzhou,2022-06-15,83.0
Lanzhou,2022-06-14,85.0
Lanzhou,2022-06-13,82.0
Lanzhou,2022-06-12,83.0
Lanzhou,2022-06-11,67.0
Lanzhou,2022-06-10,78.0
Lanzhou,2022-06-09,93.0
Lanzhou,2022-06-08,89.0
Lanzhou,2022-06-07,72.0
Lanzhou,2022-06-06,80.0
Lanzhou,2022-06-05,75.0
Lanzhou,2022-06-04,76.0
Lanzhou,2022-06-03,68.0
Lanzhou,2022-06-02,76.0
Lanzhou,2022-06-01,67.0
Lanzhou,2022-05-31,74.0
Lanzhou,2022-05-30,95.0
Lanzhou,2022-05-29,100.0
Lanzhou,2022-05-28,82.0
Lanzhou,2022-05-27,78.0
Lanzhou,2022-05-26,70.0
Lanzhou,2022-05-25,66.0
Lanzhou,2022-05-24,72.0
Lanzhou,2022-05-23,71.0
Lanzhou,2022-05-22,75.0
Lanzhou,2022-05-21,95.0
Lanzhou,2022-05-20,85.0
Lanzhou,2022-05-19,72.0
Lanzhou,2022-05-18,74.0
Lanzhou,2022-05-17,84.0
Lanzhou,2022-05-16,86.0
Lanzhou,2022-05-15,86.0
Lanzhou,2022-05-14,88.0
Lanzhou,2022-05-13,91.0
Lanzhou,2022-05-12,82.0
Lanzhou,2022-05-11,116.0
Lanzhou,2022-05-10,93.0
Lanzhou,2022-05-09,105.0
Lanzhou,2022-05-08,96.0
Lanzhou,2022-05-07,162.0
Lanzhou,2022-05-06,323.0
Lanzhou,2022-05-05,78.0
Lanzhou,2022-05-04,82.0
Lanzhou,2022-05-03,87.0
Lanzhou,2022-05-02,96.0
Lanzhou,2022-05-01,87.0
Lanzhou,2022-04-30,117.0
Lanzhou,2022-04-29,161.0
Lanzhou,2022-04-28,194.0
Lanzhou,2022-04-27,349.0
Lanzhou,2022-04-26,93.0
Lanzhou,2022-04-25,85.0
Lanzhou,2022-04-24,127.0
Lanzhou,2022-04-23,152.0
Lanzhou,2022-04-22,142.0
Lanzhou,2022-04-21,125.0
Lanzhou,2022-04-20,88.0
Lanzhou,2022-04-19,103.0
Lanzhou,2022-04-18,122.0
Lanzhou,2022-04-17,122.0
Lanzhou,2022-04-16,69.0
Lanzhou,2022-04-15,81.0
Lanzhou,2022-04-14,112.0
Lanzhou,2022-04-13,132.0
Lanzhou,2022-04-12,169.0
Lanzhou,2022-04-11,240.0
Lanzhou,2022-04-10,106.0
Lanzhou,2022-04-09,114.0
Lanzhou,2022-04-08,105.0
Lanzhou,2022-04-07,102.0
Lanzhou,2022-04-06,111.0
Lanzhou,2022-04-05,89.0
Lanzhou,2022-04-04,91.0
Lanzhou,2022-04-03,89.0
Lanzhou,2022-04-02,78.0
Lanzhou,2022-04-01,81.0
Lanzhou,2022-03-31,91.0
Lanzhou,2022-03-30,109.0
Lanzhou,2022-03-29,100.0
Lanzhou,2022-03-28,78.0
Lanzhou,2022-03-27,84.0
Lanzhou,2022-03-26,103.0
Lanzhou,2022-03-25,132.0
Lanzhou,2022-03-24,137.0
Lanzhou,2022-03-23,84.0
Lanzhou,2022-03-22,85.0
Lanzhou,2022-03-21,80.0
Lanzhou,2022-03-20,87.0
Lanzhou,2022-03-19,113.0
Lanzhou,2022-03-18,150.0
Lanzhou,2022-03-17,203.0
Lanzhou,2022-03-16,127.0
Lanzhou,2022-03-15,172.0
Lanzhou,2022-03-14,259.0
Lanzhou,2022-03-12,139.0
Lanzhou,2022-03-11,144.0
Lanzhou,2022-03-10,149.0
Lanzhou,2022-03-09,128.0
Lanzhou,2022-03-08,137.0
Lanzhou,2022-03-07,117.0
Lanzhou,2022-03-06,107.0
Lanzhou,2022-03-05,93.0
Lanzhou,2022-03-04,110.0
Lanzhou,2022-03-03,123.0
Lanzhou,2022-03-02,131.0
Lanzhou,2022-03-01,109.0
Lanzhou,2022-02-28,117.0
Lanzhou,2022-02-27,126.0
Lanzhou,2022-02-26,112.0
Lanzhou,2022-02-25,107.0
Lanzhou,2022-02-24,106.0
Lanzhou,2022-02-23,90.0
Lanzhou,2022-02-22,83.0
Lanzhou,2022-02-21,94.0
Lanzhou,2022-02-20,76.0
Lanzhou,2022-02-19,78.0
Lanzhou,2022-02-18,99.0
Lanzhou,2022-02-17,131.0
Lanzhou,2022-02-16,160.0
Lanzhou,2022-02-15,116.0
Lanzhou,2022-02-14,115.0
Lanzhou,2022-02-13,96.0
Lanzhou,2022-02-12,126.0
Lanzhou,2022-02-11,149.0
Lanzhou,2022-02-10,135.0
Lanzhou,2022-02-09,144.0
Lanzhou,2022-02-08,128.0
Lanzhou,2022-02-06,98.0
Lanzhou,2022-02-05,102.0
Lanzhou,2022-02-04,117.0
Lanzhou,2022-02-03,130.0
Lanzhou,2022-02-02,169.0
Lanzhou,2022-02-01,103.0
Lanzhou,2022-01-31,102.0
Lanzhou,2022-01-30,124.0
Lanzhou,2022-01-29,105.0
Lanzhou,2022-01-28,125.0
Lanzhou,2022-01-27,154.0
Lanzhou,2022-01-26,153.0
Lanzhou,2022-01-25,149.0
Lanzhou,2022-01-24,142.0
Lanzhou,2022-01-23,152.0
Lanzhou,2022-01-22,148.0
Lanzhou,2022-01-21,141.0
Lanzhou,2022-01-20,149.0
Lanzhou,2022-01-19,146.0
Lanzhou,2022-01-18,133.0
Lanzhou,2022-01-17,142.0
Lanzhou,2022-01-16,125.0
Lanzhou,2022-01-15,128.0
Lanzhou,2022-01-14,107.0
Lanzhou,2022-01-13,115.0
Lanzhou,2022-01-12,143.0
Lanzhou,2022-01-11,124.0
Lanzhou,2022-01-10,162.0
Lanzhou,2022-01-09,161.0
Lanzhou,2022-01-08,157.0
Lanzhou,2022-01-07,163.0
Lanzhou,2022-01-06,160.0
Lanzhou,2022-01-05,157.0
Lanzhou,2022-01-04,152.0
Lanzhou,2022-01-03,86.0
Lanzhou,2022-01-02,162.0
Lanzhou,2022-01-01,123.0
Lanzhou,2021-12-31,162.0
Lanzhou,2021-12-30,145.0
Lanzhou,2021-12-29,153.0
Lanzhou,2021-12-28,134.0
Lanzhou,2021-12-27,103.0
Lanzhou,2021-12-26,96.0
Lanzhou,2021-12-25,107.0
Lanzhou,2021-12-24,134.0
Lanzhou,2021-12-23,139.0
Lanzhou,2021-12-22,157.0
Lanzhou,2021-12-21,159.0
Lanzhou,2021-12-20,147.0
Lanzhou,2021-12-19,126.0
Lanzhou,2021-12-18,100.0
Lanzhou,2021-12-17,91.0
Lanzhou,2021-12-16,129.0
Lanzhou,2021-12-15,142.0
Lanzhou,2021-12-14,140.0
Lanzhou,2021-12-13,108.0
Lanzhou,2021-12-12,76.0
Lanzhou,2021-12-11,106.0
Lanzhou,2021-12-10,139.0
Lanzhou,2021-12-09,153.0
Lanzhou,2021-12-08,138.0
Lanzhou,2021-12-07,152.0
Lanzhou,2021-12-06,156.0
Lanzhou,2021-12-05,159.0
Lanzhou,2021-12-04,154.0
Lanzhou,2021-12-03,140.0
Lanzhou,2021-12-02,143.0
Lanzhou,2021-12-01,133.0
Lanzhou,2021-11-30,106.0
Lanzhou,2021-11-29,109.0
Lanzhou,2021-11-28,150.0
Lanzhou,2021-11-27,154.0
Lanzhou,2021-11-26,154.0
Lanzhou,2021-11-25,156.0
Lanzhou,2021-11-24,153.0
Lanzhou,2021-11-23,116.0
Lanzhou,2021-11-22,91.0
Lanzhou,2021-11-21,108.0
Lanzhou,2021-11-20,116.0
Lanzhou,2021-11-19,146.0
Lanzhou,2021-11-18,161.0
Lanzhou,2021-11-17,156.0
Lanzhou,2021-11-16,125.0
Lanzhou,2021-11-15,125.0
Lanzhou,2021-11-14,128.0
Lanzhou,2021-11-13,110.0
Lanzhou,2021-11-12,79.0
Lanzhou,2021-11-11,110.0
Lanzhou,2021-11-10,107.0
Lanzhou,2021-11-09,106.0
Lanzhou,2021-11-08,89.0
Lanzhou,2021-11-06,126.0
Lanzhou,2021-11-05,125.0
Lanzhou,2021-11-04,95.0
Lanzhou,2021-11-03,89.0
Lanzhou,2021-11-02,81.0
Lanzhou,2021-11-01,89.0
Lanzhou,2021-10-31,109.0
Lanzhou,2021-10-30,113.0
Lanzhou,2021-10-29,113.0
Lanzhou,2021-10-28,121.0
Lanzhou,2021-10-27,92.0
Lanzhou,2021-10-26,90.0
Lanzhou,2021-10-25,109.0
Lanzhou,2021-10-24,103.0
Lanzhou,2021-10-23,100.0
Lanzhou,2021-10-22,101.0
Lanzhou,2021-10-21,108.0
Lanzhou,2021-10-20,106.0
Lanzhou,2021-10-19,93.0
Lanzhou,2021-10-18,93.0
Lanzhou,2021-10-17,109.0
Lanzhou,2021-10-16,102.0
Lanzhou,2021-10-15,110.0
Lanzhou,2021-10-14,114.0
Lanzhou,2021-10-13,92.0
Lanzhou,2021-10-12,72.0
Lanzhou,2021-10-11,81.0
Lanzhou,2021-10-10,105.0
Lanzhou,2021-10-09,76.0
Lanzhou,2021-10-08,108.0
Lanzhou,2021-10-07,98.0
Lanzhou,2021-10-06,90.0
Lanzhou,2021-10-05,77.0
Lanzhou,2021-10-04,90.0
Lanzhou,2021-10-03,77.0
Lanzhou,2021-10-02,97.0
Lanzhou,2021-10-01,95.0
Lanzhou,2021-09-30,99.0
Lanzhou,2021-09-29,94.0
Lanzhou,2021-09-28,98.0
Lanzhou,2021-09-27,75.0
Lanzhou,2021-09-26,67.0
Lanzhou,2021-09-25,71.0
Lanzhou,2021-09-24,68.0
Lanzhou,2021-09-23,74.0
Lanzhou,2021-09-22,100.0
Lanzhou,2021-09-21,85.0
Lanzhou,2021-09-20,65.0
Lanzhou,2021-09-19,62.0
Lanzhou,2021-09-18,69.0
Lanzhou,2021-09-17,59.0
Lanzhou,2021-09-16,46.0
Lanzhou,2021-09-15,54.0
Lanzhou,2021-09-14,60.0
Lanzhou,2021-09-13,61.0
Lanzhou,2021-09-12,71.0
Lanzhou,2021-09-11,73.0
Lanzhou,2021-09-10,77.0
Lanzhou,2021-09-09,83.0
Lanzhou,2021-09-08,77.0
Lanzhou,2021-09-07,69.0
Lanzhou,2021-09-06,72.0
Lanzhou,2021-09-05,80.0
Lanzhou,2021-09-04,63.0
Lanzhou,2021-09-03,56.0
Lanzhou,2021-09-02,67.0
Lanzhou,2021-09-01,71.0
Lanzhou,2021-08-31,58.0
Lanzhou,2021-08-30,70.0
Lanzhou,2021-08-29,72.0
Lanzhou,2021-08-28,64.0
Lanzhou,2021-08-27,75.0
Lanzhou,2021-08-26,84.0
Lanzhou,2021-08-25,75.0
Lanzhou,2021-08-24,83.0
Lanzhou,2021-08-23,68.0
Lanzhou,2021-08-22,60.0
Lanzhou,2021-08-21,63.0
Lanzhou,2021-08-20,75.0
Lanzhou,2021-08-09,102.0
Lanzhou,2021-08-08,71.0
Lanzhou,2021-08-07,77.0
Lanzhou,2021-08-06,77.0
Lanzhou,2021-08-05,87.0
Lanzhou,2021-08-04,87.0
Lanzhou,2021-08-03,82.0
Lanzhou,2021-08-02,76.0
Lanzhou,2021-08-01,91.0
Lanzhou,2021-07-31,93.0
Lanzhou,2021-07-30,87.0
Lanzhou,2021-07-29,74.0
Lanzhou,2021-07-28,80.0
Lanzhou,2021-07-27,67.0
Lanzhou,2021-07-26,62.0
Lanzhou,2021-07-25,64.0
Lanzhou,2021-07-24,63.0
Lanzhou,2021-07-23,63.0
Lanzhou,2021-07-22,71.0
Lanzhou,2021-07-21,58.0
Lanzhou,2021-07-20,69.0
Lanzhou,2021-07-19,77.0
Lanzhou,2021-07-18,80.0
Lanzhou,2021-07-17,58.0
Lanzhou,2021-07-16,62.0
Lanzhou,2021-07-15,75.0
Lanzhou,2021-07-14,87.0
Lanzhou,2021-07-13,78.0
Lanzhou,2021-07-12,69.0
Lanzhou,2021-07-11,69.0
Lanzhou,2021-07-10,71.0
Lanzhou,2021-07-09,74.0
Lanzhou,2021-07-08,72.0
Lanzhou,2021-07-07,83.0
Lanzhou,2021-07-06,84.0
Lanzhou,2021-07-04,69.0
Lanzhou,2021-07-03,67.0
Lanzhou,2021-07-02,75.0
Lanzhou,2021-07-01,78.0
Lanzhou,2021-06-30,71.0
Lanzhou,2021-06-29,70.0
Lanzhou,2021-06-28,73.0
Lanzhou,2021-06-27,75.0
Lanzhou,2021-06-26,69.0
Lanzhou,2021-06-25,84.0
Lanzhou,2021-06-24,68.0
Lanzhou,2021-06-23,105.0
Lanzhou,2021-06-22,97.0
Lanzhou,2021-06-21,88.0
Lanzhou,2021-06-20,77.0
Lanzhou,2021-06-19,70.0
Lanzhou,2021-06-18,72.0
Lanzhou,2021-06-17,71.0
Lanzhou,2021-06-16,84.0
Lanzhou,2021-06-15,70.0
Lanzhou,2021-06-14,91.0
Lanzhou,2021-06-13,72.0
Lanzhou,2021-06-12,66.0
Lanzhou,2021-06-11,76.0
Lanzhou,2021-06-10,76.0
Lanzhou,2021-06-09,83.0
Lanzhou,2021-06-08,77.0
Lanzhou,2021-06-07,114.0
Lanzhou,2021-06-06,113.0
Lanzhou,2021-06-05,73.0
Lanzhou,2021-06-04,76.0
Lanzhou,2021-06-03,87.0
Lanzhou,2021-06-02,87.0
Lanzhou,2021-06-01,131.0
Lanzhou,2021-05-31,207.0
Lanzhou,2021-05-30,76.0
Lanzhou,2021-05-29,90.0
Lanzhou,2021-05-28,84.0
Lanzhou,2021-05-27,73.0
Lanzhou,2021-05-26,78.0
Lanzhou,2021-05-25,82.0
Lanzhou,2021-05-24,76.0
Lanzhou,2021-05-23,89.0
Lanzhou,2021-05-22,89.0
Lanzhou,2021-05-21,87.0
Lanzhou,2021-05-20,72.0
Lanzhou,2021-05-19,84.0
Lanzhou,2021-05-18,68.0
Lanzhou,2021-05-17,62.0
Lanzhou,2021-05-16,70.0
Lanzhou,2021-05-15,98.0
Lanzhou,2021-05-14,96.0
Lanzhou,2021-05-13,80.0
Lanzhou,2021-05-12,79.0
Lanzhou,2021-05-11,104.0
Lanzhou,2021-05-10,100.0
Lanzhou,2021-05-09,115.0
Lanzhou,2021-05-08,166.0
Lanzhou,2021-05-07,253.0
Lanzhou,2021-05-06,151.0
Lanzhou,2021-05-05,99.0
Lanzhou,2021-05-04,115.0
Lanzhou,2021-05-03,111.0
Lanzhou,2021-05-02,110.0
Lanzhou,2021-05-01,130.0
Lanzhou,2021-04-30,137.0
Lanzhou,2021-04-29,83.0
Lanzhou,2021-04-28,148.0
Lanzhou,2021-04-27,283.0
Lanzhou,2021-04-26,427.0
Lanzhou,2021-04-25,80.0
Lanzhou,2021-04-24,77.0
Lanzhou,2021-04-23,82.0
Lanzhou,2021-04-22,101.0
Lanzhou,2021-04-21,100.0
Lanzhou,2021-04-20,72.0
Lanzhou,2021-04-19,95.0
Lanzhou,2021-04-18,99.0
Lanzhou,2021-04-17,104.0
Lanzhou,2021-04-16,103.0
Lanzhou,2021-04-15,92.0
Lanzhou,2021-04-14,102.0
Lanzhou,2021-04-13,88.0
Lanzhou,2021-04-12,92.0
Lanzhou,2021-04-11,73.0
Lanzhou,2021-04-10,89.0
Lanzhou,2021-04-09,99.0
Lanzhou,2021-04-08,82.0
Lanzhou,2021-04-07,115.0
Lanzhou,2021-04-06,103.0
Lanzhou,2021-04-05,69.0
Lanzhou,2021-04-04,71.0
Lanzhou,2021-04-03,73.0
Lanzhou,2021-04-02,74.0
Lanzhou,2021-04-01,31.0
Lanzhou,2021-03-31,152.0
Lanzhou,2021-03-30,219.0
Lanzhou,2021-03-29,594.0
Lanzhou,2021-03-28,189.0
Lanzhou,2021-03-27,128.0
Lanzhou,2021-03-26,137.0
Lanzhou,2021-03-25,195.0
Lanzhou,2021-03-24,190.0
Lanzhou,2021-03-23,129.0
Lanzhou,2021-03-22,130.0
Lanzhou,2021-03-21,138.0
Lanzhou,2021-03-20,260.0
Lanzhou,2021-03-19,637.0
Lanzhou,2021-03-18,999.0
Lanzhou,2021-03-17,999.0
Lanzhou,2021-03-16,999.0
Lanzhou,2021-03-15,175.0
Lanzhou,2021-03-13,107.0
Lanzhou,2021-03-12,95.0
Lanzhou,2021-03-11,79.0
Lanzhou,2021-03-10,100.0
Lanzhou,2021-03-09,97.0
Lanzhou,2021-03-08,118.0
Lanzhou,2021-03-07,98.0
Lanzhou,2021-03-06,118.0
Lanzhou,2021-03-05,115.0
Lanzhou,2021-03-04,127.0
Lanzhou,2021-03-03,124.0
Lanzhou,2021-03-02,87.0
Lanzhou,2021-03-01,85.0
Lanzhou,2021-02-28,104.0
Lanzhou,2021-02-27,105.0
Lanzhou,2021-02-26,135.0
Lanzhou,2021-02-25,113.0
Lanzhou,2021-02-24,120.0
Lanzhou,2021-02-23,106.0
Lanzhou,2021-02-22,91.0
Lanzhou,2021-02-21,94.0
Lanzhou,2021-02-20,99.0
Lanzhou,2021-02-19,81.0
Lanzhou,2021-02-18,92.0
Lanzhou,2021-02-17,78.0
Lanzhou,2021-02-16,79.0
Lanzhou,2021-02-15,86.0
Lanzhou,2021-02-14,76.0
Lanzhou,2021-02-13,134.0
Lanzhou,2021-02-12,147.0
Lanzhou,2021-02-11,142.0
Lanzhou,2021-02-10,129.0
Lanzhou,2021-02-09,137.0
Lanzhou,2021-02-08,112.0
Lanzhou,2021-02-07,111.0
Lanzhou,2021-02-06,127.0
Lanzhou,2021-02-05,106.0
Lanzhou,2021-02-04,112.0
Lanzhou,2021-02-03,129.0
Lanzhou,2021-02-02,115.0
Lanzhou,2021-02-01,113.0
Lanzhou,2021-01-31,109.0
Lanzhou,2021-01-30,130.0
Lanzhou,2021-01-29,131.0
Lanzhou,2021-01-28,130.0
Lanzhou,2021-01-27,136.0
Lanzhou,2021-01-26,148.0
Lanzhou,2021-01-25,143.0
Lanzhou,2021-01-24,145.0
Lanzhou,2021-01-23,146.0
Lanzhou,2021-01-22,153.0
Lanzhou,2021-01-21,151.0
Lanzhou,2021-01-20,129.0
Lanzhou,2021-01-19,150.0
Lanzhou,2021-01-18,121.0
Lanzhou,2021-01-17,85.0
Lanzhou,2021-01-16,91.0
Lanzhou,2021-01-15,133.0
Lanzhou,2021-01-14,142.0
Lanzhou,2021-01-13,156.0
Lanzhou,2021-01-12,126.0
Lanzhou,2021-01-11,96.0
Lanzhou,2021-01-10,140.0
Lanzhou,2021-01-09,129.0
Lanzhou,2021-01-08,96.0
Lanzhou,2021-01-07,79.0
Lanzhou,2021-01-06,94.0
Lanzhou,2021-01-05,105.0
Lanzhou,2021-01-04,66.0
Lanzhou,2021-01-03,149.0
Lanzhou,2021-01-02,146.0
Lanzhou,2021-01-01,120.0
Lanzhou,2020-12-31,87.0
Lanzhou,2020-12-30,72.0
Lanzhou,2020-12-29,124.0
Lanzhou,2020-12-28,170.0
Lanzhou,2020-12-27,160.0
Lanzhou,2020-12-26,152.0
Lanzhou,2020-12-25,127.0
Lanzhou,2020-12-24,119.0
Lanzhou,2020-12-23,144.0
Lanzhou,2020-12-22,170.0
Lanzhou,2020-12-21,152.0
Lanzhou,2020-12-20,108.0
Lanzhou,2020-12-19,106.0
Lanzhou,2020-12-18,88.0
Lanzhou,2020-12-17,113.0
Lanzhou,2020-12-16,145.0
Lanzhou,2020-12-15,116.0
Lanzhou,2020-12-14,87.0
Lanzhou,2020-12-13,105.0
Lanzhou,2020-12-12,118.0
Lanzhou,2020-12-11,129.0
Lanzhou,2020-12-10,108.0
Lanzhou,2020-12-09,127.0
Lanzhou,2020-12-08,129.0
Lanzhou,2020-12-07,128.0
Lanzhou,2020-12-06,151.0
Lanzhou,2020-12-05,129.0
Lanzhou,2020-12-04,104.0
Lanzhou,2020-12-03,105.0
Lanzhou,2020-12-02,147.0
Lanzhou,2020-12-01,120.0
Lanzhou,2020-11-30,129.0
Lanzhou,2020-11-29,155.0
Lanzhou,2020-11-28,103.0
Lanzhou,2020-11-27,151.0
Lanzhou,2020-11-26,140.0
Lanzhou,2020-11-25,124.0
Lanzhou,2020-11-24,110.0
Lanzhou,2020-11-23,87.0
Lanzhou,2020-11-22,75.0
Lanzhou,2020-11-21,130.0
Lanzhou,2020-11-20,125.0
Lanzhou,2020-11-19,108.0
Lanzhou,2020-11-18,101.0
Lanzhou,2020-11-17,155.0
Lanzhou,2020-11-16,154.0
Lanzhou,2020-11-15,156.0
Lanzhou,2020-11-14,160.0
Lanzhou,2020-11-13,156.0
Lanzhou,2020-11-12,158.0
Lanzhou,2020-11-11,150.0
Lanzhou,2020-11-10,134.0
Lanzhou,2020-11-09,136.0
Lanzhou,2020-11-08,136.0
Lanzhou,2020-11-07,139.0
Lanzhou,2020-11-06,125.0
Lanzhou,2020-11-05,119.0
Lanzhou,2020-11-04,127.0
Lanzhou,2020-11-03,105.0
Lanzhou,2020-11-02,80.0
Lanzhou,2020-10-31,95.0
Lanzhou,2020-10-30,123.0
Lanzhou,2020-10-29,105.0
Lanzhou,2020-10-28,88.0
Lanzhou,2020-10-27,78.0
Lanzhou,2020-10-26,108.0
Lanzhou,2020-10-25,103.0
Lanzhou,2020-10-24,114.0
Lanzhou,2020-10-23,131.0
Lanzhou,2020-10-22,135.0
Lanzhou,2020-10-21,116.0
Lanzhou,2020-10-20,104.0
Lanzhou,2020-10-19,75.0
Lanzhou,2020-10-18,92.0
Lanzhou,2020-10-17,75.0
Lanzhou,2020-10-16,84.0
Lanzhou,2020-10-15,72.0
Lanzhou,2020-10-14,85.0
Lanzhou,2020-10-13,81.0
Lanzhou,2020-10-12,91.0
Lanzhou,2020-10-11,79.0
Lanzhou,2020-10-10,81.0
Lanzhou,2020-10-09,69.0
Lanzhou,2020-10-08,78.0
Lanzhou,2020-10-07,75.0
Lanzhou,2020-10-06,75.0
Lanzhou,2020-10-05,70.0
Lanzhou,2020-10-04,78.0
Lanzhou,2020-10-03,84.0
Lanzhou,2020-10-02,66.0
Lanzhou,2020-10-01,68.0
Lanzhou,2020-09-30,65.0
Lanzhou,2020-09-29,52.0
Lanzhou,2020-09-28,53.0
Lanzhou,2020-09-27,63.0
Lanzhou,2020-09-26,73.0
Lanzhou,2020-09-25,89.0
Lanzhou,2020-09-24,76.0
Lanzhou,2020-09-23,63.0
Lanzhou,2020-09-22,53.0
Lanzhou,2020-09-21,56.0
Lanzhou,2020-09-20,59.0
Lanzhou,2020-09-19,79.0
Lanzhou,2020-09-18,68.0
Lanzhou,2020-09-17,69.0
Lanzhou,2020-09-16,68.0
Lanzhou,2020-09-15,63.0
Lanzhou,2020-09-14,56.0
Lanzhou,2020-09-13,67.0
Lanzhou,2020-09-12,60.0
Lanzhou,2020-09-11,68.0
Lanzhou,2020-09-10,73.0
Lanzhou,2020-09-09,65.0
Lanzhou,2020-09-08,68.0
Lanzhou,2020-09-07,70.0
Lanzhou,2020-09-06,69.0
Lanzhou,2020-09-05,78.0
Lanzhou,2020-09-04,70.0
Lanzhou,2020-09-03,68.0
Lanzhou,2020-09-02,55.0
Lanzhou,2020-09-01,50.0
Lanzhou,2020-08-31,42.0
Lanzhou,2020-08-30,67.0
Lanzhou,2020-08-29,86.0
Lanzhou,2020-08-28,96.0
Lanzhou,2020-08-27,90.0
Lanzhou,2020-08-26,92.0
Lanzhou,2020-08-25,90.0
Lanzhou,2020-08-24,63.0
Lanzhou,2020-08-23,56.0
Lanzhou,2020-08-22,41.0
Lanzhou,2020-08-21,46.0
Lanzhou,2020-08-20,55.0
Lanzhou,2020-08-19,50.0
Lanzhou,2020-08-18,53.0
Lanzhou,2020-08-17,64.0
Lanzhou,2020-08-16,58.0
Lanzhou,2020-08-15,46.0
Lanzhou,2020-08-14,50.0
Lanzhou,2020-08-13,63.0
Lanzhou,2020-08-12,55.0
Lanzhou,2020-08-11,81.0
Lanzhou,2020-08-10,67.0
Lanzhou,2020-08-09,65.0
Lanzhou,2020-08-08,67.0
Lanzhou,2020-08-07,61.0
Lanzhou,2020-08-06,55.0
Lanzhou,2020-08-05,70.0
Lanzhou,2020-08-04,58.0
Lanzhou,2020-08-03,71.0
Lanzhou,2020-08-02,63.0
Lanzhou,2020-08-01,75.0
Lanzhou,2020-07-31,67.0
Lanzhou,2020-07-30,62.0
Lanzhou,2020-07-29,60.0
Lanzhou,2020-07-28,79.0
Lanzhou,2020-07-27,86.0
Lanzhou,2020-07-26,76.0
Lanzhou,2020-07-25,73.0
Lanzhou,2020-07-24,59.0
Lanzhou,2020-07-23,58.0
Lanzhou,2020-07-22,62.0
Lanzhou,2020-07-21,63.0
Lanzhou,2020-07-20,62.0
Lanzhou,2020-07-19,66.0
Lanzhou,2020-07-18,63.0
Lanzhou,2020-07-17,74.0
Lanzhou,2020-07-16,43.0
Lanzhou,2020-07-15,62.0
Lanzhou,2020-07-14,63.0
Lanzhou,2020-07-13,54.0
Lanzhou,2020-07-12,67.0
Lanzhou,2020-07-11,67.0
Lanzhou,2020-07-10,64.0
Lanzhou,2020-07-09,66.0
Lanzhou,2020-07-08,80.0
Lanzhou,2020-07-07,84.0
Lanzhou,2020-07-06,93.0
Lanzhou,2020-07-05,88.0
Lanzhou,2020-07-04,89.0
Lanzhou,2020-07-03,73.0
Lanzhou,2020-07-02,75.0
Lanzhou,2020-07-01,72.0
Lanzhou,2020-06-30,66.0
Lanzhou,2020-06-29,98.0
Lanzhou,2020-06-28,80.0
Lanzhou,2020-06-27,63.0
Lanzhou,2020-06-26,104.0
Lanzhou,2020-06-25,86.0
Lanzhou,2020-06-24,78.0
Lanzhou,2020-06-23,79.0
Lanzhou,2020-06-22,82.0
Lanzhou,2020-06-21,75.0
Lanzhou,2020-06-20,77.0
Lanzhou,2020-06-19,79.0
Lanzhou,2020-06-18,71.0
Lanzhou,2020-06-17,75.0
Lanzhou,2020-06-16,84.0
Lanzhou,2020-06-15,86.0
Lanzhou,2020-06-14,92.0
Lanzhou,2020-06-13,79.0
Lanzhou,2020-06-12,81.0
Lanzhou,2020-06-11,97.0
Lanzhou,2020-06-10,84.0
Lanzhou,2020-06-09,77.0
Lanzhou,2020-06-08,109.0
Lanzhou,2020-06-07,87.0
Lanzhou,2020-06-06,83.0
Lanzhou,2020-06-05,76.0
Lanzhou,2020-06-04,82.0
Lanzhou,2020-06-03,78.0
Lanzhou,2020-06-02,77.0
Lanzhou,2020-06-01,86.0
Lanzhou,2020-05-31,96.0
Lanzhou,2020-05-30,92.0
Lanzhou,2020-05-29,69.0
Lanzhou,2020-05-28,71.0
Lanzhou,2020-05-27,63.0
Lanzhou,2020-05-26,76.0
Lanzhou,2020-05-25,76.0
Lanzhou,2020-05-24,83.0
Lanzhou,2020-05-23,100.0
Lanzhou,2020-05-22,92.0
Lanzhou,2020-05-21,94.0
Lanzhou,2020-05-20,90.0
Lanzhou,2020-05-19,100.0
Lanzhou,2020-05-18,85.0
Lanzhou,2020-05-17,82.0
Lanzhou,2020-05-16,101.0
Lanzhou,2020-05-15,97.0
Lanzhou,2020-05-14,75.0
Lanzhou,2020-05-13,87.0
Lanzhou,2020-05-12,106.0
Lanzhou,2020-05-11,109.0
Lanzhou,2020-05-10,90.0
Lanzhou,2020-05-09,87.0
Lanzhou,2020-05-08,92.0
Lanzhou,2020-05-07,82.0
Lanzhou,2020-05-06,94.0
Lanzhou,2020-05-05,123.0
Lanzhou,2020-05-04,122.0
Lanzhou,2020-05-03,164.0
Lanzhou,2020-05-02,110.0
Lanzhou,2020-05-01,105.0
Lanzhou,2020-04-30,103.0
Lanzhou,2020-04-29,103.0
Lanzhou,2020-04-28,112.0
Lanzhou,2020-04-27,103.0
Lanzhou,2020-04-26,86.0
Lanzhou,2020-04-25,81.0
Lanzhou,2020-04-24,84.0
Lanzhou,2020-04-23,93.0
Lanzhou,2020-04-22,87.0
Lanzhou,2020-04-21,113.0
Lanzhou,2020-04-20,122.0
Lanzhou,2020-04-19,110.0
Lanzhou,2020-04-18,86.0
Lanzhou,2020-04-17,85.0
Lanzhou,2020-04-16,134.0
Lanzhou,2020-04-15,130.0
Lanzhou,2020-04-14,111.0
Lanzhou,2020-04-13,93.0
Lanzhou,2020-04-12,89.0
Lanzhou,2020-04-11,144.0
Lanzhou,2020-04-10,191.0
Lanzhou,2020-04-09,102.0
Lanzhou,2020-04-08,98.0
Lanzhou,2020-04-07,109.0
Lanzhou,2020-04-06,100.0
Lanzhou,2020-04-05,103.0
Lanzhou,2020-04-04,99.0
Lanzhou,2020-04-03,94.0
Lanzhou,2020-04-02,97.0
Lanzhou,2020-04-01,55.0
Lanzhou,2020-03-29,92.0
Lanzhou,2020-03-28,87.0
Lanzhou,2020-03-27,114.0
Lanzhou,2020-03-26,144.0
Lanzhou,2020-03-25,192.0
Lanzhou,2020-03-24,101.0
Lanzhou,2020-03-23,115.0
Lanzhou,2020-03-22,102.0
Lanzhou,2020-03-21,124.0
Lanzhou,2020-03-20,129.0
Lanzhou,2020-03-19,128.0
Lanzhou,2020-03-18,132.0
Lanzhou,2020-03-17,108.0
Lanzhou,2020-03-16,109.0
Lanzhou,2020-03-15,130.0
Lanzhou,2020-03-14,132.0
Lanzhou,2020-03-13,117.0
Lanzhou,2020-03-12,128.0
Lanzhou,2020-03-11,126.0
Lanzhou,2020-03-10,107.0
Lanzhou,2020-03-09,91.0
Lanzhou,2020-03-07,92.0
Lanzhou,2020-03-06,89.0
Lanzhou,2020-03-05,102.0
Lanzhou,2020-03-04,88.0
Lanzhou,2020-03-03,79.0
Lanzhou,2020-03-02,66.0
Lanzhou,2020-03-01,91.0
Lanzhou,2020-02-29,114.0
Lanzhou,2020-02-28,109.0
Lanzhou,2020-02-27,119.0
Lanzhou,2020-02-26,121.0
Lanzhou,2020-02-25,124.0
Lanzhou,2020-02-24,139.0
Lanzhou,2020-02-23,133.0
Lanzhou,2020-02-22,109.0
Lanzhou,2020-02-21,140.0
Lanzhou,2020-02-20,180.0
Lanzhou,2020-02-19,108.0
Lanzhou,2020-02-18,112.0
Lanzhou,2020-02-17,103.0
Lanzhou,2020-02-16,72.0
Lanzhou,2020-02-15,105.0
Lanzhou,2020-02-14,111.0
Lanzhou,2020-02-13,118.0
Lanzhou,2020-02-12,125.0
Lanzhou,2020-02-11,145.0
Lanzhou,2020-02-10,141.0
Lanzhou,2020-02-09,110.0
Lanzhou,2020-02-08,118.0
Lanzhou,2020-02-07,130.0
Lanzhou,2020-02-06,129.0
Lanzhou,2020-02-05,122.0
Lanzhou,2020-02-04,109.0
Lanzhou,2020-02-03,93.0
Lanzhou,2020-02-02,115.0
Lanzhou,2020-02-01,141.0
Lanzhou,2020-01-31,150.0
Lanzhou,2020-01-30,159.0
Lanzhou,2020-01-29,160.0
Lanzhou,2020-01-28,153.0
Lanzhou,2020-01-27,144.0
Lanzhou,2020-01-26,164.0
Lanzhou,2020-01-25,108.0
Lanzhou,2020-01-24,125.0
Lanzhou,2020-01-23,158.0
Lanzhou,2020-01-22,157.0
Lanzhou,2020-01-21,149.0
Lanzhou,2020-01-20,113.0
Lanzhou,2020-01-19,118.0
Lanzhou,2020-01-18,165.0
Lanzhou,2020-01-17,162.0
Lanzhou,2020-01-16,139.0
Lanzhou,2020-01-15,136.0
Lanzhou,2020-01-14,102.0
Lanzhou,2020-01-13,135.0
Lanzhou,2020-01-12,146.0
Lanzhou,2020-01-11,138.0
Lanzhou,2020-01-10,143.0
Lanzhou,2020-01-09,160.0
Lanzhou,2020-01-08,132.0
Lanzhou,2020-01-07,100.0
Lanzhou,2020-01-06,122.0
Lanzhou,2020-01-05,170.0
Lanzhou,2020-01-04,169.0
Lanzhou,2020-01-03,152.0
Lanzhou,2020-01-02,155.0
Lanzhou,2020-01-01,86.0
Lanzhou,2019-12-29,158.0
Lanzhou,2019-12-28,146.0
Lanzhou,2019-12-27,113.0
Lanzhou,2019-12-26,95.0
Lanzhou,2019-12-25,139.0
Lanzhou,2019-12-24,162.0
Lanzhou,2019-12-23,160.0
Lanzhou,2019-12-22,170.0
Lanzhou,2019-12-21,156.0
Lanzhou,2019-12-20,116.0
Lanzhou,2019-12-19,107.0
Lanzhou,2019-12-18,86.0
Lanzhou,2019-12-17,106.0
Lanzhou,2019-12-16,160.0
Lanzhou,2019-12-15,170.0
Lanzhou,2019-12-14,168.0
Lanzhou,2019-12-13,167.0
Lanzhou,2019-12-12,165.0
Lanzhou,2019-12-11,170.0
Lanzhou,2019-12-10,176.0
Lanzhou,2019-12-09,170.0
Lanzhou,2019-12-08,158.0
Lanzhou,2019-12-07,169.0
Lanzhou,2019-12-06,172.0
Lanzhou,2019-12-05,165.0
Lanzhou,2019-12-04,163.0
Lanzhou,2019-12-03,146.0
Lanzhou,2019-12-02,125.0
Lanzhou,2019-12-01,93.0
Lanzhou,2019-11-30,113.0
Lanzhou,2019-11-29,130.0
Lanzhou,2019-11-28,119.0
Lanzhou,2019-11-27,114.0
Lanzhou,2019-11-26,121.0
Lanzhou,2019-11-25,98.0
Lanzhou,2019-11-24,96.0
Lanzhou,2019-11-23,111.0
Lanzhou,2019-11-22,152.0
Lanzhou,2019-11-21,135.0
Lanzhou,2019-11-20,162.0
Lanzhou,2019-11-19,136.0
Lanzhou,2019-11-18,133.0
Lanzhou,2019-11-17,144.0
Lanzhou,2019-11-16,151.0
Lanzhou,2019-11-15,142.0
Lanzhou,2019-11-14,108.0
Lanzhou,2019-11-13,104.0
Lanzhou,2019-11-12,136.0
Lanzhou,2019-11-11,122.0
Lanzhou,2019-11-10,94.0
Lanzhou,2019-11-09,106.0
Lanzhou,2019-11-08,136.0
Lanzhou,2019-11-07,118.0
Lanzhou,2019-11-06,116.0
Lanzhou,2019-11-05,114.0
Lanzhou,2019-11-04,137.0
Lanzhou,2019-11-02,116.0
Lanzhou,2019-11-01,125.0
Lanzhou,2019-10-31,142.0
Lanzhou,2019-10-30,143.0
Lanzhou,2019-10-29,125.0
Lanzhou,2019-10-28,119.0
Lanzhou,2019-10-27,101.0
Lanzhou,2019-10-26,105.0
Lanzhou,2019-10-25,82.0
Lanzhou,2019-10-24,102.0
Lanzhou,2019-10-23,121.0
Lanzhou,2019-10-22,115.0
Lanzhou,2019-10-21,104.0
Lanzhou,2019-10-20,90.0
Lanzhou,2019-10-19,121.0
Lanzhou,2019-10-18,103.0
Lanzhou,2019-10-17,74.0
Lanzhou,2019-10-16,72.0
Lanzhou,2019-10-15,83.0
Lanzhou,2019-10-14,98.0
Lanzhou,2019-10-13,97.0
Lanzhou,2019-10-12,111.0
Lanzhou,2019-10-11,91.0
Lanzhou,2019-10-10,76.0
Lanzhou,2019-10-09,75.0
Lanzhou,2019-10-08,86.0
Lanzhou,2019-10-07,57.0
Lanzhou,2019-10-06,74.0
Lanzhou,2019-10-05,68.0
Lanzhou,2019-10-04,67.0
Lanzhou,2019-10-03,67.0
Lanzhou,2019-10-02,88.0
Lanzhou,2019-10-01,52.0
Lanzhou,2019-09-30,81.0
Lanzhou,2019-09-29,100.0
Lanzhou,2019-09-28,95.0
Lanzhou,2019-09-27,104.0
Lanzhou,2019-09-26,100.0
Lanzhou,2019-09-25,96.0
Lanzhou,2019-09-24,86.0
Lanzhou,2019-09-23,85.0
Lanzhou,2019-09-22,100.0
Lanzhou,2019-09-21,88.0
Lanzhou,2019-09-20,73.0
Lanzhou,2019-09-19,53.0
Lanzhou,2019-09-18,58.0
Lanzhou,2019-09-17,77.0
Lanzhou,2019-09-16,68.0
Lanzhou,2019-09-15,67.0
Lanzhou,2019-09-14,52.0
Lanzhou,2019-09-13,46.0
Lanzhou,2019-09-12,66.0
Lanzhou,2019-09-11,69.0
Lanzhou,2019-09-10,48.0
Lanzhou,2019-09-09,89.0
Lanzhou,2019-09-08,84.0
Lanzhou,2019-09-07,65.0
Lanzhou,2019-09-06,71.0
Lanzhou,2019-09-05,72.0
Lanzhou,2019-09-04,57.0
Lanzhou,2019-09-03,61.0
Lanzhou,2019-09-02,68.0
Lanzhou,2019-09-01,71.0
Lanzhou,2019-08-31,66.0
Lanzhou,2019-08-30,84.0
Lanzhou,2019-08-29,80.0
Lanzhou,2019-08-28,64.0
Lanzhou,2019-08-27,61.0
Lanzhou,2019-08-26,58.0
Lanzhou,2019-08-25,55.0
Lanzhou,2019-08-24,55.0
Lanzhou,2019-08-23,57.0
Lanzhou,2019-08-22,51.0
Lanzhou,2019-08-21,45.0
Lanzhou,2019-08-20,91.0
Lanzhou,2019-08-19,70.0
Lanzhou,2019-08-18,67.0
Lanzhou,2019-08-17,94.0
Lanzhou,2019-08-16,95.0
Lanzhou,2019-08-15,80.0
Lanzhou,2019-08-14,76.0
Lanzhou,2019-08-13,67.0
Lanzhou,2019-08-12,79.0
Lanzhou,2019-08-11,84.0
Lanzhou,2019-08-10,74.0
Lanzhou,2019-08-09,72.0
Lanzhou,2019-08-08,84.0
Lanzhou,2019-08-07,75.0
Lanzhou,2019-08-06,71.0
Lanzhou,2019-08-05,59.0
Lanzhou,2019-08-04,62.0
Lanzhou,2019-08-03,86.0
Lanzhou,2019-08-02,52.0
Lanzhou,2019-08-01,73.0
Lanzhou,2019-07-31,80.0
Lanzhou,2019-07-30,71.0
Lanzhou,2019-07-29,83.0
Lanzhou,2019-07-28,99.0
Lanzhou,2019-07-27,84.0
Lanzhou,2019-07-26,56.0
Lanzhou,2019-07-25,66.0
Lanzhou,2019-07-24,71.0
Lanzhou,2019-07-23,71.0
Lanzhou,2019-07-22,78.0
Lanzhou,2019-07-21,55.0
Lanzhou,2019-07-20,70.0
Lanzhou,2019-07-19,62.0
Lanzhou,2019-07-18,63.0
Lanzhou,2019-07-17,69.0
Lanzhou,2019-07-16,64.0
Lanzhou,2019-07-15,64.0
Lanzhou,2019-07-14,71.0
Lanzhou,2019-07-13,88.0
Lanzhou,2019-07-12,82.0
Lanzhou,2019-07-11,69.0
Lanzhou,2019-07-10,65.0
Lanzhou,2019-07-09,61.0
Lanzhou,2019-07-07,87.0
Lanzhou,2019-07-06,94.0
Lanzhou,2019-07-05,88.0
Lanzhou,2019-07-04,76.0
Lanzhou,2019-07-03,70.0
Lanzhou,2019-07-02,80.0
Lanzhou,2019-07-01,73.0
Lanzhou,2019-06-30,80.0
Lanzhou,2019-06-29,72.0
Lanzhou,2019-06-28,59.0
Lanzhou,2019-06-27,51.0
Lanzhou,2019-06-26,59.0
Lanzhou,2019-06-25,61.0
Lanzhou,2019-06-24,66.0
Lanzhou,2019-06-23,43.0
Lanzhou,2019-06-22,51.0
Lanzhou,2019-06-21,46.0
Lanzhou,2019-06-20,54.0
Lanzhou,2019-06-19,71.0
Lanzhou,2019-06-18,79.0
Lanzhou,2019-06-17,79.0
Lanzhou,2019-06-16,69.0
Lanzhou,2019-06-15,86.0
Lanzhou,2019-06-14,74.0
Lanzhou,2019-06-13,72.0
Lanzhou,2019-06-12,67.0
Lanzhou,2019-06-11,68.0
Lanzhou,2019-06-10,62.0
Lanzhou,2019-06-09,70.0
Lanzhou,2019-06-08,72.0
Lanzhou,2019-06-07,66.0
Lanzhou,2019-06-06,68.0
Lanzhou,2019-06-05,74.0
Lanzhou,2019-06-04,61.0
Lanzhou,2019-06-03,68.0
Lanzhou,2019-06-02,89.0
Lanzhou,2019-06-01,93.0
Lanzhou,2019-05-31,72.0
Lanzhou,2019-05-30,66.0
Lanzhou,2019-05-29,74.0
Lanzhou,2019-05-28,63.0
Lanzhou,2019-05-27,91.0
Lanzhou,2019-05-26,124.0
Lanzhou,2019-05-25,103.0
Lanzhou,2019-05-24,79.0
Lanzhou,2019-05-23,79.0
Lanzhou,2019-05-22,79.0
Lanzhou,2019-05-21,81.0
Lanzhou,2019-05-20,112.0
Lanzhou,2019-05-19,104.0
Lanzhou,2019-05-18,103.0
Lanzhou,2019-05-17,111.0
Lanzhou,2019-05-16,128.0
Lanzhou,2019-05-15,182.0
Lanzhou,2019-05-14,186.0
Lanzhou,2019-05-13,377.0
Lanzhou,2019-05-12,838.0
Lanzhou,2019-05-11,64.0
Lanzhou,2019-05-10,59.0
Lanzhou,2019-05-09,57.0
Lanzhou,2019-05-08,54.0
Lanzhou,2019-05-07,54.0
Lanzhou,2019-05-06,67.0
Lanzhou,2019-05-05,76.0
Lanzhou,2019-05-04,62.0
Lanzhou,2019-05-03,75.0
Lanzhou,2019-05-02,77.0
Lanzhou,2019-05-01,64.0
Lanzhou,2019-04-30,81.0
Lanzhou,2019-04-29,103.0
Lanzhou,2019-04-28,114.0
Lanzhou,2019-04-27,111.0
Lanzhou,2019-04-26,101.0
Lanzhou,2019-04-25,115.0
Lanzhou,2019-04-24,131.0
Lanzhou,2019-04-23,94.0
Lanzhou,2019-04-22,107.0
Lanzhou,2019-04-21,126.0
Lanzhou,2019-04-20,109.0
Lanzhou,2019-04-19,101.0
Lanzhou,2019-04-18,118.0
Lanzhou,2019-04-17,114.0
Lanzhou,2019-04-16,99.0
Lanzhou,2019-04-15,93.0
Lanzhou,2019-04-14,92.0
Lanzhou,2019-04-13,77.0
Lanzhou,2019-04-12,71.0
Lanzhou,2019-04-11,61.0
Lanzhou,2019-04-10,68.0
Lanzhou,2019-04-09,93.0
Lanzhou,2019-04-08,123.0
Lanzhou,2019-04-07,137.0
Lanzhou,2019-04-06,125.0
Lanzhou,2019-04-05,92.0
Lanzhou,2019-04-04,106.0
Lanzhou,2019-04-03,89.0
Lanzhou,2019-04-02,120.0
Lanzhou,2019-03-31,101.0
Lanzhou,2019-03-30,108.0
Lanzhou,2019-03-29,153.0
Lanzhou,2019-03-28,213.0
Lanzhou,2019-03-27,137.0
Lanzhou,2019-03-26,123.0
Lanzhou,2019-03-25,101.0
Lanzhou,2019-03-24,111.0
Lanzhou,2019-03-23,92.0
Lanzhou,2019-03-22,99.0
Lanzhou,2019-03-21,111.0
Lanzhou,2019-03-20,106.0
Lanzhou,2019-03-19,126.0
Lanzhou,2019-03-18,110.0
Lanzhou,2019-03-17,107.0
Lanzhou,2019-03-16,116.0
Lanzhou,2019-03-15,118.0
Lanzhou,2019-03-14,86.0
Lanzhou,2019-03-13,107.0
Lanzhou,2019-03-12,84.0
Lanzhou,2019-03-11,99.0
Lanzhou,2019-03-09,99.0
Lanzhou,2019-03-08,103.0
Lanzhou,2019-03-07,136.0
Lanzhou,2019-03-06,116.0
Lanzhou,2019-03-05,125.0
Lanzhou,2019-03-04,140.0
Lanzhou,2019-03-03,127.0
Lanzhou,2019-03-02,120.0
Lanzhou,2019-03-01,124.0
Lanzhou,2019-02-28,123.0
Lanzhou,2019-02-27,138.0
Lanzhou,2019-02-26,135.0
Lanzhou,2019-02-25,128.0
Lanzhou,2019-02-24,138.0
Lanzhou,2019-02-23,142.0
Lanzhou,2019-02-22,117.0
Lanzhou,2019-02-21,124.0
Lanzhou,2019-02-20,161.0
Lanzhou,2019-02-19,124.0
Lanzhou,2019-02-18,100.0
Lanzhou,2019-02-17,104.0
Lanzhou,2019-02-16,101.0
Lanzhou,2019-02-15,112.0
Lanzhou,2019-02-14,144.0
Lanzhou,2019-02-13,131.0
Lanzhou,2019-02-12,130.0
Lanzhou,2019-02-11,104.0
Lanzhou,2019-02-10,88.0
Lanzhou,2019-02-09,105.0
Lanzhou,2019-02-08,98.0
Lanzhou,2019-02-07,87.0
Lanzhou,2019-02-06,143.0
Lanzhou,2019-02-05,122.0
Lanzhou,2019-02-04,92.0
Lanzhou,2019-02-03,102.0
Lanzhou,2019-02-02,155.0
Lanzhou,2019-02-01,105.0
Lanzhou,2019-01-31,84.0
Lanzhou,2019-01-30,96.0
Lanzhou,2019-01-29,105.0
Lanzhou,2019-01-28,84.0
Lanzhou,2019-01-27,126.0
Lanzhou,2019-01-26,141.0
Lanzhou,2019-01-25,139.0
Lanzhou,2019-01-24,160.0
Lanzhou,2019-01-23,159.0
Lanzhou,2019-01-22,148.0
Lanzhou,2019-01-21,97.0
Lanzhou,2019-01-20,115.0
Lanzhou,2019-01-19,96.0
Lanzhou,2019-01-18,146.0
Lanzhou,2019-01-17,127.0
Lanzhou,2019-01-16,83.0
Lanzhou,2019-01-15,116.0
Lanzhou,2019-01-14,156.0
Lanzhou,2019-01-13,159.0
Lanzhou,2019-01-12,172.0
Lanzhou,2019-01-11,131.0
Lanzhou,2019-01-10,153.0
Lanzhou,2019-01-09,121.0
Lanzhou,2019-01-08,105.0
Lanzhou,2019-01-07,151.0
Lanzhou,2019-01-06,162.0
Lanzhou,2019-01-05,150.0
Lanzhou,2019-01-04,155.0
Lanzhou,2019-01-03,184.0
Lanzhou,2019-01-02,178.0
Lanzhou,2019-01-01,99.0
Lanzhou,2018-12-30,131.0
Lanzhou,2018-12-29,90.0
Lanzhou,2018-12-28,123.0
Lanzhou,2018-12-27,97.0
Lanzhou,2018-12-21,143.0
Lanzhou,2018-12-20,167.0
Lanzhou,2018-12-19,176.0
Lanzhou,2018-12-18,178.0
Lanzhou,2018-12-17,165.0
Lanzhou,2018-12-16,159.0
Lanzhou,2018-12-15,161.0
Lanzhou,2018-12-14,171.0
Lanzhou,2018-12-13,167.0
Lanzhou,2018-12-12,123.0
Lanzhou,2018-12-11,142.0
Lanzhou,2018-12-10,140.0
Lanzhou,2018-12-09,101.0
Lanzhou,2018-12-08,98.0
Lanzhou,2018-12-07,92.0
Lanzhou,2018-12-06,127.0
Lanzhou,2018-12-05,131.0
Lanzhou,2018-12-04,154.0
Lanzhou,2018-12-03,195.0
Lanzhou,2018-12-02,364.0
Lanzhou,2018-12-01,144.0
Lanzhou,2018-11-30,180.0
Lanzhou,2018-11-29,192.0
Lanzhou,2018-11-28,447.0
Lanzhou,2018-11-27,670.0
Lanzhou,2018-11-26,881.0
Lanzhou,2018-11-25,166.0
Lanzhou,2018-11-24,165.0
Lanzhou,2018-11-23,166.0
Lanzhou,2018-11-22,109.0
Lanzhou,2018-11-21,126.0
Lanzhou,2018-11-20,158.0
Lanzhou,2018-11-19,153.0
Lanzhou,2018-11-18,137.0
Lanzhou,2018-11-17,84.0
Lanzhou,2018-11-16,82.0
Lanzhou,2018-11-15,113.0
Lanzhou,2018-11-14,170.0
Lanzhou,2018-11-13,169.0
Lanzhou,2018-11-12,152.0
Lanzhou,2018-11-11,97.0
Lanzhou,2018-11-10,149.0
Lanzhou,2018-11-09,132.0
Lanzhou,2018-11-08,112.0
Lanzhou,2018-11-07,115.0
Lanzhou,2018-11-06,97.0
Lanzhou,2018-11-05,87.0
Lanzhou,2018-11-03,136.0
Lanzhou,2018-11-02,147.0
Lanzhou,2018-11-01,140.0
Lanzhou,2018-10-31,125.0
Lanzhou,2018-10-30,138.0
Lanzhou,2018-10-29,124.0
Lanzhou,2018-10-28,134.0
Lanzhou,2018-10-27,112.0
Lanzhou,2018-10-26,84.0
Lanzhou,2018-10-25,132.0
Lanzhou,2018-10-24,149.0
Lanzhou,2018-10-23,146.0
Lanzhou,2018-10-22,114.0
Lanzhou,2018-10-21,91.0
Lanzhou,2018-10-20,71.0
Lanzhou,2018-10-19,89.0
Lanzhou,2018-10-18,84.0
Lanzhou,2018-10-17,103.0
Lanzhou,2018-10-16,117.0
Lanzhou,2018-10-15,116.0
Lanzhou,2018-10-14,111.0
Lanzhou,2018-10-13,106.0
Lanzhou,2018-10-12,105.0
Lanzhou,2018-10-11,89.0
Lanzhou,2018-10-10,95.0
Lanzhou,2018-10-09,93.0
Lanzhou,2018-10-08,89.0
Lanzhou,2018-10-07,80.0
Lanzhou,2018-10-06,82.0
Lanzhou,2018-10-05,104.0
Lanzhou,2018-10-04,107.0
Lanzhou,2018-10-03,95.0
Lanzhou,2018-10-02,89.0
Lanzhou,2018-10-01,56.0
Lanzhou,2018-09-30,98.0
Lanzhou,2018-09-29,103.0
Lanzhou,2018-09-28,85.0
Lanzhou,2018-09-27,69.0
Lanzhou,2018-09-26,72.0
Lanzhou,2018-09-25,70.0
Lanzhou,2018-09-24,86.0
Lanzhou,2018-09-23,95.0
Lanzhou,2018-09-22,88.0
Lanzhou,2018-09-21,93.0
Lanzhou,2018-09-20,83.0
Lanzhou,2018-09-19,75.0
Lanzhou,2018-09-18,67.0
Lanzhou,2018-09-17,76.0
Lanzhou,2018-09-16,70.0
Lanzhou,2018-09-15,92.0
Lanzhou,2018-09-14,85.0
Lanzhou,2018-09-13,84.0
Lanzhou,2018-09-12,79.0
Lanzhou,2018-09-11,91.0
Lanzhou,2018-09-10,77.0
Lanzhou,2018-09-09,76.0
Lanzhou,2018-09-08,74.0
Lanzhou,2018-09-07,79.0
Lanzhou,2018-09-06,82.0
Lanzhou,2018-09-05,77.0
Lanzhou,2018-09-04,79.0
Lanzhou,2018-09-03,64.0
Lanzhou,2018-09-02,59.0
Lanzhou,2018-09-01,89.0
Lanzhou,2018-08-31,94.0
Lanzhou,2018-08-30,109.0
Lanzhou,2018-08-29,105.0
Lanzhou,2018-08-28,91.0
Lanzhou,2018-08-27,88.0
Lanzhou,2018-08-26,93.0
Lanzhou,2018-08-25,97.0
Lanzhou,2018-08-24,94.0
Lanzhou,2018-08-23,84.0
Lanzhou,2018-08-22,83.0
Lanzhou,2018-08-21,68.0
Lanzhou,2018-08-20,110.0
Lanzhou,2018-08-19,97.0
Lanzhou,2018-08-18,72.0
Lanzhou,2018-08-17,84.0
Lanzhou,2018-08-16,78.0
Lanzhou,2018-08-15,81.0
Lanzhou,2018-08-14,96.0
Lanzhou,2018-08-13,103.0
Lanzhou,2018-08-12,91.0
Lanzhou,2018-08-11,79.0
Lanzhou,2018-08-10,72.0
Lanzhou,2018-08-09,69.0
Lanzhou,2018-08-08,68.0
Lanzhou,2018-08-07,101.0
Lanzhou,2018-08-06,102.0
Lanzhou,2018-08-05,87.0
Lanzhou,2018-08-04,63.0
Lanzhou,2018-08-03,75.0
Lanzhou,2018-08-02,72.0
Lanzhou,2018-08-01,83.0
Lanzhou,2018-07-31,74.0
Lanzhou,2018-07-30,92.0
Lanzhou,2018-07-29,70.0
Lanzhou,2018-07-28,99.0
Lanzhou,2018-07-27,89.0
Lanzhou,2018-07-26,97.0
Lanzhou,2018-07-25,102.0
Lanzhou,2018-07-24,92.0
Lanzhou,2018-07-23,95.0
Lanzhou,2018-07-22,88.0
Lanzhou,2018-07-21,82.0
Lanzhou,2018-07-20,82.0
Lanzhou,2018-07-19,75.0
Lanzhou,2018-07-18,94.0
Lanzhou,2018-07-17,121.0
Lanzhou,2018-07-16,155.0
Lanzhou,2018-07-15,201.0
Lanzhou,2018-07-14,93.0
Lanzhou,2018-07-13,112.0
Lanzhou,2018-07-12,106.0
Lanzhou,2018-07-11,76.0
Lanzhou,2018-07-10,107.0
Lanzhou,2018-07-09,88.0
Lanzhou,2018-07-08,100.0
Lanzhou,2018-07-07,88.0
Lanzhou,2018-07-06,85.0
Lanzhou,2018-07-05,80.0
Lanzhou,2018-07-04,113.0
Lanzhou,2018-07-03,83.0
Lanzhou,2018-07-02,89.0
Lanzhou,2018-07-01,46.0
Lanzhou,2018-06-30,92.0
Lanzhou,2018-06-29,81.0
Lanzhou,2018-06-28,78.0
Lanzhou,2018-06-27,102.0
Lanzhou,2018-06-26,114.0
Lanzhou,2018-06-25,103.0
Lanzhou,2018-06-24,95.0
Lanzhou,2018-06-23,113.0
Lanzhou,2018-06-22,108.0
Lanzhou,2018-06-21,105.0
Lanzhou,2018-06-20,125.0
Lanzhou,2018-06-19,117.0
Lanzhou,2018-06-18,121.0
Lanzhou,2018-06-17,99.0
Lanzhou,2018-06-16,94.0
Lanzhou,2018-06-15,101.0
Lanzhou,2018-06-14,95.0
Lanzhou,2018-06-13,105.0
Lanzhou,2018-06-12,96.0
Lanzhou,2018-06-11,99.0
Lanzhou,2018-06-10,90.0
Lanzhou,2018-06-09,101.0
Lanzhou,2018-06-08,116.0
Lanzhou,2018-06-07,133.0
Lanzhou,2018-06-06,111.0
Lanzhou,2018-06-05,92.0
Lanzhou,2018-06-04,112.0
Lanzhou,2018-06-03,113.0
Lanzhou,2018-06-02,100.0
Lanzhou,2018-06-01,85.0
Lanzhou,2018-05-31,98.0
Lanzhou,2018-05-30,95.0
Lanzhou,2018-05-29,132.0
Lanzhou,2018-05-28,147.0
Lanzhou,2018-05-27,157.0
Lanzhou,2018-05-26,146.0
Lanzhou,2018-05-25,223.0
Lanzhou,2018-05-24,80.0
Lanzhou,2018-05-23,80.0
Lanzhou,2018-05-22,116.0
Lanzhou,2018-05-21,108.0
Lanzhou,2018-05-20,143.0
Lanzhou,2018-05-19,127.0
Lanzhou,2018-05-18,143.0
Lanzhou,2018-05-17,162.0
Lanzhou,2018-05-16,212.0
Lanzhou,2018-05-15,112.0
Lanzhou,2018-05-14,139.0
Lanzhou,2018-05-13,134.0
Lanzhou,2018-05-12,112.0
Lanzhou,2018-05-11,91.0
Lanzhou,2018-05-10,120.0
Lanzhou,2018-05-09,92.0
Lanzhou,2018-05-08,91.0
Lanzhou,2018-05-07,97.0
Lanzhou,2018-05-06,102.0
Lanzhou,2018-05-05,128.0
Lanzhou,2018-05-04,129.0
Lanzhou,2018-05-03,127.0
Lanzhou,2018-05-02,115.0
Lanzhou,2018-05-01,94.0
Lanzhou,2018-04-30,113.0
Lanzhou,2018-04-29,123.0
Lanzhou,2018-04-28,127.0
Lanzhou,2018-04-27,114.0
Lanzhou,2018-04-26,127.0
Lanzhou,2018-04-25,87.0
Lanzhou,2018-04-24,101.0
Lanzhou,2018-04-23,117.0
Lanzhou,2018-04-22,127.0
Lanzhou,2018-04-21,152.0
Lanzhou,2018-04-20,139.0
Lanzhou,2018-04-19,130.0
Lanzhou,2018-04-18,141.0
Lanzhou,2018-04-17,134.0
Lanzhou,2018-04-16,146.0
Lanzhou,2018-04-15,133.0
Lanzhou,2018-04-14,128.0
Lanzhou,2018-04-13,156.0
Lanzhou,2018-04-12,158.0
Lanzhou,2018-04-11,209.0
Lanzhou,2018-04-10,444.0
Lanzhou,2018-04-09,239.0
Lanzhou,2018-04-08,134.0
Lanzhou,2018-04-07,138.0
Lanzhou,2018-04-06,162.0
Lanzhou,2018-04-05,256.0
Lanzhou,2018-04-04,498.0
Lanzhou,2018-04-03,212.0
Lanzhou,2018-04-02,137.0
Lanzhou,2018-04-01,123.0
Lanzhou,2018-03-31,155.0
Lanzhou,2018-03-30,178.0
Lanzhou,2018-03-29,138.0
Lanzhou,2018-03-28,146.0
Lanzhou,2018-03-27,155.0
Lanzhou,2018-03-26,147.0
Lanzhou,2018-03-25,106.0
Lanzhou,2018-03-24,105.0
Lanzhou,2018-03-23,132.0
Lanzhou,2018-03-22,149.0
Lanzhou,2018-03-21,164.0
Lanzhou,2018-03-20,163.0
Lanzhou,2018-03-19,249.0
Lanzhou,2018-03-18,186.0
Lanzhou,2018-03-17,340.0
Lanzhou,2018-03-16,241.0
Lanzhou,2018-03-15,211.0
Lanzhou,2018-03-14,136.0
Lanzhou,2018-03-13,152.0
Lanzhou,2018-03-12,148.0
Lanzhou,2018-03-10,137.0
Lanzhou,2018-03-09,125.0
Lanzhou,2018-03-08,148.0
Lanzhou,2018-03-07,136.0
Lanzhou,2018-03-06,115.0
Lanzhou,2018-03-05,108.0
Lanzhou,2018-03-04,128.0
Lanzhou,2018-03-03,151.0
Lanzhou,2018-03-02,99.0
Lanzhou,2018-03-01,144.0
Lanzhou,2018-02-28,151.0
Lanzhou,2018-02-27,155.0
Lanzhou,2018-02-26,149.0
Lanzhou,2018-02-25,142.0
Lanzhou,2018-02-24,135.0
Lanzhou,2018-02-23,136.0
Lanzhou,2018-02-22,113.0
Lanzhou,2018-02-21,112.0
Lanzhou,2018-02-20,117.0
Lanzhou,2018-02-19,92.0
Lanzhou,2018-02-18,118.0
Lanzhou,2018-02-17,171.0
Lanzhou,2018-02-16,136.0
Lanzhou,2018-02-15,133.0
Lanzhou,2018-02-14,168.0
Lanzhou,2018-02-13,147.0
Lanzhou,2018-02-12,148.0
Lanzhou,2018-02-11,107.0
Lanzhou,2018-02-10,208.0
Lanzhou,2018-02-09,636.0
Lanzhou,2018-02-08,157.0
Lanzhou,2018-02-07,162.0
Lanzhou,2018-02-06,171.0
Lanzhou,2018-02-05,147.0
Lanzhou,2018-02-04,150.0
Lanzhou,2018-02-03,112.0
Lanzhou,2018-02-02,148.0
Lanzhou,2018-02-01,150.0
Lanzhou,2018-01-31,120.0
Lanzhou,2018-01-30,153.0
Lanzhou,2018-01-29,117.0
Lanzhou,2018-01-28,166.0
Lanzhou,2018-01-27,178.0
Lanzhou,2018-01-26,159.0
Lanzhou,2018-01-25,158.0
Lanzhou,2018-01-24,142.0
Lanzhou,2018-01-23,151.0
Lanzhou,2018-01-22,133.0
Lanzhou,2018-01-21,155.0
Lanzhou,2018-01-20,168.0
Lanzhou,2018-01-19,150.0
Lanzhou,2018-01-18,114.0
Lanzhou,2018-01-17,163.0
Lanzhou,2018-01-16,159.0
Lanzhou,2018-01-15,172.0
Lanzhou,2018-01-14,177.0
Lanzhou,2018-01-13,182.0
Lanzhou,2018-01-12,171.0
Lanzhou,2018-01-11,170.0
Lanzhou,2018-01-10,167.0
Lanzhou,2018-01-09,139.0
Lanzhou,2018-01-08,124.0
Lanzhou,2018-01-07,161.0
Lanzhou,2018-01-06,168.0
Lanzhou,2018-01-05,173.0
Lanzhou,2018-01-04,155.0
Lanzhou,2018-01-03,109.0
Lanzhou,2018-01-02,181.0
Lanzhou,2018-01-01,162.0
Lanzhou,2017-12-31,217.0
Lanzhou,2017-12-30,378.0
Lanzhou,2017-12-29,697.0
Lanzhou,2017-12-28,453.0
Lanzhou,2017-12-27,180.0
Lanzhou,2017-12-26,170.0
Lanzhou,2017-12-25,154.0
Lanzhou,2017-12-24,140.0
Lanzhou,2017-12-23,194.0
Lanzhou,2017-12-22,202.0
Lanzhou,2017-12-21,182.0
Lanzhou,2017-12-20,167.0
Lanzhou,2017-12-19,158.0
Lanzhou,2017-12-18,157.0
Lanzhou,2017-12-17,99.0
Lanzhou,2017-12-16,123.0
Lanzhou,2017-12-15,145.0
Lanzhou,2017-12-14,177.0
Lanzhou,2017-12-13,169.0
Lanzhou,2017-12-12,172.0
Lanzhou,2017-12-11,162.0
Lanzhou,2017-12-10,157.0
Lanzhou,2017-12-09,129.0
Lanzhou,2017-12-08,135.0
Lanzhou,2017-12-07,151.0
Lanzhou,2017-12-06,125.0
Lanzhou,2017-12-05,138.0
Lanzhou,2017-12-04,164.0
Lanzhou,2017-12-03,181.0
Lanzhou,2017-12-02,169.0
Lanzhou,2017-12-01,149.0
Lanzhou,2017-11-30,150.0
Lanzhou,2017-11-29,156.0
Lanzhou,2017-11-28,171.0
Lanzhou,2017-11-27,179.0
Lanzhou,2017-11-26,170.0
Lanzhou,2017-11-25,170.0
Lanzhou,2017-11-24,160.0
Lanzhou,2017-11-23,115.0
Lanzhou,2017-11-22,119.0
Lanzhou,2017-11-21,121.0
Lanzhou,2017-11-20,117.0
Lanzhou,2017-11-19,130.0
Lanzhou,2017-11-18,144.0
Lanzhou,2017-11-17,173.0
Lanzhou,2017-11-16,161.0
Lanzhou,2017-11-15,138.0
Lanzhou,2017-11-14,120.0
Lanzhou,2017-11-13,125.0
Lanzhou,2017-11-12,148.0
Lanzhou,2017-11-11,131.0
Lanzhou,2017-11-10,128.0
Lanzhou,2017-11-09,163.0
Lanzhou,2017-11-08,140.0
Lanzhou,2017-11-07,146.0
Lanzhou,2017-11-06,167.0
Lanzhou,2017-11-04,164.0
Lanzhou,2017-11-03,164.0
Lanzhou,2017-11-02,166.0
Lanzhou,2017-11-01,154.0
Lanzhou,2017-10-31,158.0
Lanzhou,2017-10-30,132.0
Lanzhou,2017-10-29,86.0
Lanzhou,2017-10-28,148.0
Lanzhou,2017-10-27,157.0
Lanzhou,2017-10-26,135.0
Lanzhou,2017-10-25,118.0
Lanzhou,2017-10-24,131.0
Lanzhou,2017-10-23,153.0
Lanzhou,2017-10-22,135.0
Lanzhou,2017-10-21,140.0
Lanzhou,2017-10-20,135.0
Lanzhou,2017-10-19,115.0
Lanzhou,2017-10-18,92.0
Lanzhou,2017-10-17,112.0
Lanzhou,2017-10-16,169.0
Lanzhou,2017-10-15,143.0
Lanzhou,2017-10-14,143.0
Lanzhou,2017-10-13,147.0
Lanzhou,2017-10-12,154.0
Lanzhou,2017-10-11,133.0
Lanzhou,2017-10-10,79.0
Lanzhou,2017-10-09,102.0
Lanzhou,2017-10-08,94.0
Lanzhou,2017-10-07,91.0
Lanzhou,2017-10-06,114.0
Lanzhou,2017-10-05,100.0
Lanzhou,2017-10-04,103.0
Lanzhou,2017-10-03,137.0
Lanzhou,2017-10-02,147.0
Lanzhou,2017-10-01,117.0
Lanzhou,2017-09-30,106.0
Lanzhou,2017-09-29,114.0
Lanzhou,2017-09-28,117.0
Lanzhou,2017-09-27,121.0
Lanzhou,2017-09-26,142.0
Lanzhou,2017-09-25,128.0
Lanzhou,2017-09-24,102.0
Lanzhou,2017-09-23,119.0
Lanzhou,2017-09-22,118.0
Lanzhou,2017-09-21,131.0
Lanzhou,2017-09-20,125.0
Lanzhou,2017-09-19,129.0
Lanzhou,2017-09-18,111.0
Lanzhou,2017-09-17,91.0
Lanzhou,2017-09-16,124.0
Lanzhou,2017-09-15,124.0
Lanzhou,2017-09-14,109.0
Lanzhou,2017-09-13,107.0
Lanzhou,2017-09-12,134.0
Lanzhou,2017-09-11,96.0
Lanzhou,2017-09-06,89.0
Lanzhou,2017-09-05,85.0
Lanzhou,2017-09-04,109.0
Lanzhou,2017-09-03,107.0
Lanzhou,2017-09-02,96.0
Lanzhou,2017-09-01,142.0
Lanzhou,2017-08-31,112.0
Lanzhou,2017-08-30,81.0
Lanzhou,2017-08-29,98.0
Lanzhou,2017-08-28,99.0
Lanzhou,2017-08-27,93.0
Lanzhou,2017-08-26,118.0
Lanzhou,2017-08-25,116.0
Lanzhou,2017-08-24,90.0
Lanzhou,2017-08-23,78.0
Lanzhou,2017-08-22,101.0
Lanzhou,2017-08-21,78.0
Lanzhou,2017-08-20,82.0
Lanzhou,2017-08-19,87.0
Lanzhou,2017-08-18,85.0
Lanzhou,2017-08-17,84.0
Lanzhou,2017-08-16,99.0
Lanzhou,2017-08-15,93.0
Lanzhou,2017-08-14,83.0
Lanzhou,2017-08-13,81.0
Lanzhou,2017-08-12,81.0
Lanzhou,2017-08-11,93.0
Lanzhou,2017-08-10,80.0
Lanzhou,2017-08-09,98.0
Lanzhou,2017-08-08,78.0
Lanzhou,2017-08-07,85.0
Lanzhou,2017-08-06,81.0
Lanzhou,2017-08-05,90.0
Lanzhou,2017-08-04,96.0
Lanzhou,2017-08-03,110.0
Lanzhou,2017-08-02,124.0
Lanzhou,2017-08-01,94.0
Lanzhou,2017-07-31,99.0
Lanzhou,2017-07-30,98.0
Lanzhou,2017-07-29,77.0
Lanzhou,2017-07-28,74.0
Lanzhou,2017-07-27,102.0
Lanzhou,2017-07-26,108.0
Lanzhou,2017-07-25,77.0
Lanzhou,2017-07-24,85.0
Lanzhou,2017-07-23,119.0
Lanzhou,2017-07-22,103.0
Lanzhou,2017-07-21,159.0
Lanzhou,2017-07-20,156.0
Lanzhou,2017-07-19,114.0
Lanzhou,2017-07-18,100.0
Lanzhou,2017-07-17,108.0
Lanzhou,2017-07-16,80.0
Lanzhou,2017-07-15,86.0
Lanzhou,2017-07-14,104.0
Lanzhou,2017-07-13,105.0
Lanzhou,2017-07-12,108.0
Lanzhou,2017-07-11,104.0
Lanzhou,2017-07-10,91.0
Lanzhou,2017-07-09,111.0
Lanzhou,2017-07-08,111.0
Lanzhou,2017-07-07,101.0
Lanzhou,2017-07-06,96.0
Lanzhou,2017-07-05,106.0
Lanzhou,2017-07-04,85.0
Lanzhou,2017-07-03,103.0
Lanzhou,2017-07-02,101.0
Lanzhou,2017-07-01,78.0
Lanzhou,2017-06-30,107.0
Lanzhou,2017-06-29,122.0
Lanzhou,2017-06-28,108.0
Lanzhou,2017-06-27,106.0
Lanzhou,2017-06-26,116.0
Lanzhou,2017-06-25,107.0
Lanzhou,2017-06-24,106.0
Lanzhou,2017-06-23,98.0
Lanzhou,2017-06-22,88.0
Lanzhou,2017-06-21,96.0
Lanzhou,2017-06-20,124.0
Lanzhou,2017-06-19,127.0
Lanzhou,2017-06-18,120.0
Lanzhou,2017-06-17,105.0
Lanzhou,2017-06-16,107.0
Lanzhou,2017-06-15,100.0
Lanzhou,2017-06-14,94.0
Lanzhou,2017-06-13,110.0
Lanzhou,2017-06-12,111.0
Lanzhou,2017-06-11,120.0
Lanzhou,2017-06-10,104.0
Lanzhou,2017-06-09,101.0
Lanzhou,2017-06-08,100.0
Lanzhou,2017-06-07,104.0
Lanzhou,2017-06-06,111.0
Lanzhou,2017-06-05,126.0
Lanzhou,2017-06-04,140.0
Lanzhou,2017-06-03,136.0
Lanzhou,2017-06-02,130.0
Lanzhou,2017-06-01,158.0
Lanzhou,2017-05-31,148.0
Lanzhou,2017-05-30,149.0
Lanzhou,2017-05-29,97.0
Lanzhou,2017-05-28,109.0
Lanzhou,2017-05-27,115.0
Lanzhou,2017-05-26,111.0
Lanzhou,2017-05-25,121.0
Lanzhou,2017-05-24,113.0
Lanzhou,2017-05-23,145.0
Lanzhou,2017-05-22,138.0
Lanzhou,2017-05-21,121.0
Lanzhou,2017-05-20,111.0
Lanzhou,2017-05-19,90.0
Lanzhou,2017-05-18,128.0
Lanzhou,2017-05-17,107.0
Lanzhou,2017-05-16,83.0
Lanzhou,2017-05-15,97.0
Lanzhou,2017-05-14,139.0
Lanzhou,2017-05-13,125.0
Lanzhou,2017-05-12,102.0
Lanzhou,2017-05-11,148.0
Lanzhou,2017-05-10,138.0
Lanzhou,2017-05-09,135.0
Lanzhou,2017-05-08,123.0
Lanzhou,2017-05-07,152.0
Lanzhou,2017-05-06,241.0
Lanzhou,2017-05-05,590.0
Lanzhou,2017-05-04,520.0
Lanzhou,2017-05-03,232.0
Lanzhou,2017-05-02,130.0
Lanzhou,2017-05-01,112.0
Lanzhou,2017-04-30,124.0
Lanzhou,2017-04-29,124.0
Lanzhou,2017-04-28,113.0
Lanzhou,2017-04-27,98.0
Lanzhou,2017-04-26,105.0
Lanzhou,2017-04-25,122.0
Lanzhou,2017-04-24,121.0
Lanzhou,2017-04-23,128.0
Lanzhou,2017-04-22,148.0
Lanzhou,2017-04-21,156.0
Lanzhou,2017-04-20,106.0
Lanzhou,2017-04-19,222.0
Lanzhou,2017-04-18,607.0
Lanzhou,2017-04-17,244.0
Lanzhou,2017-04-16,114.0
Lanzhou,2017-04-15,138.0
Lanzhou,2017-04-14,128.0
Lanzhou,2017-04-13,134.0
Lanzhou,2017-04-12,114.0
Lanzhou,2017-04-11,129.0
Lanzhou,2017-04-10,126.0
Lanzhou,2017-04-09,107.0
Lanzhou,2017-04-08,160.0
Lanzhou,2017-04-07,137.0
Lanzhou,2017-04-06,147.0
Lanzhou,2017-04-05,151.0
Lanzhou,2017-04-04,120.0
Lanzhou,2017-04-03,109.0
Lanzhou,2017-04-02,106.0
Lanzhou,2017-04-01,78.0
Lanzhou,2017-03-31,87.0
Lanzhou,2017-03-30,147.0
Lanzhou,2017-03-29,168.0
Lanzhou,2017-03-28,198.0
Lanzhou,2017-03-27,126.0
Lanzhou,2017-03-26,104.0
Lanzhou,2017-03-25,128.0
Lanzhou,2017-03-24,121.0
Lanzhou,2017-03-23,141.0
Lanzhou,2017-03-22,123.0
Lanzhou,2017-03-21,131.0
Lanzhou,2017-03-20,140.0
Lanzhou,2017-03-19,143.0
Lanzhou,2017-03-18,138.0
Lanzhou,2017-03-17,167.0
Lanzhou,2017-03-16,143.0
Lanzhou,2017-03-15,135.0
Lanzhou,2017-03-14,116.0
Lanzhou,2017-03-13,119.0
Lanzhou,2017-03-11,130.0
Lanzhou,2017-03-10,121.0
Lanzhou,2017-03-09,130.0
Lanzhou,2017-03-08,103.0
Lanzhou,2017-03-07,119.0
Lanzhou,2017-03-06,100.0
Lanzhou,2017-03-05,143.0
Lanzhou,2017-03-04,139.0
Lanzhou,2017-03-03,126.0
Lanzhou,2017-03-02,132.0
Lanzhou,2017-03-01,181.0
Lanzhou,2017-02-28,152.0
Lanzhou,2017-02-27,131.0
Lanzhou,2017-02-26,110.0
Lanzhou,2017-02-25,158.0
Lanzhou,2017-02-24,142.0
Lanzhou,2017-02-23,141.0
Lanzhou,2017-02-22,161.0
Lanzhou,2017-02-21,171.0
Lanzhou,2017-02-20,168.0
Lanzhou,2017-02-19,163.0
Lanzhou,2017-02-18,146.0
Lanzhou,2017-02-17,153.0
Lanzhou,2017-02-16,143.0
Lanzhou,2017-02-15,149.0
Lanzhou,2017-02-14,169.0
Lanzhou,2017-02-13,172.0
Lanzhou,2017-02-12,127.0
Lanzhou,2017-02-11,95.0
Lanzhou,2017-02-10,142.0
Lanzhou,2017-02-09,90.0
Lanzhou,2017-02-08,90.0
Lanzhou,2017-02-07,150.0
Lanzhou,2017-02-06,166.0
Lanzhou,2017-02-05,153.0
Lanzhou,2017-02-04,156.0
Lanzhou,2017-02-03,153.0
Lanzhou,2017-02-02,127.0
Lanzhou,2017-02-01,105.0
Lanzhou,2017-01-31,101.0
Lanzhou,2017-01-30,95.0
Lanzhou,2017-01-29,134.0
Lanzhou,2017-01-28,158.0
Lanzhou,2017-01-27,277.0
Lanzhou,2017-01-26,623.0
Lanzhou,2017-01-25,223.0
Lanzhou,2017-01-24,164.0
Lanzhou,2017-01-23,149.0
Lanzhou,2017-01-22,147.0
Lanzhou,2017-01-21,160.0
Lanzhou,2017-01-20,147.0
Lanzhou,2017-01-19,251.0
Lanzhou,2017-01-18,120.0
Lanzhou,2017-01-17,113.0
Lanzhou,2017-01-16,133.0
Lanzhou,2017-01-15,168.0
Lanzhou,2017-01-14,175.0
Lanzhou,2017-01-13,166.0
Lanzhou,2017-01-12,134.0
Lanzhou,2017-01-11,87.0
Lanzhou,2017-01-10,101.0
Lanzhou,2017-01-09,119.0
Lanzhou,2017-01-08,129.0
Lanzhou,2017-01-07,137.0
Lanzhou,2017-01-06,197.0
Lanzhou,2017-01-05,207.0
Lanzhou,2017-01-04,182.0
Lanzhou,2017-01-03,177.0
Lanzhou,2017-01-02,109.0
Lanzhou,2016-12-31,167.0
Lanzhou,2016-12-30,128.0
Lanzhou,2016-12-29,147.0
Lanzhou,2016-12-28,140.0
Lanzhou,2016-12-27,104.0
Lanzhou,2016-12-26,120.0
Lanzhou,2016-12-25,170.0
Lanzhou,2016-12-24,174.0
Lanzhou,2016-12-23,164.0
Lanzhou,2016-12-22,157.0
Lanzhou,2016-12-21,261.0
Lanzhou,2016-12-20,208.0
Lanzhou,2016-12-19,199.0
Lanzhou,2016-12-18,182.0
Lanzhou,2016-12-17,173.0
Lanzhou,2016-12-16,160.0
Lanzhou,2016-12-15,164.0
Lanzhou,2016-12-14,168.0
Lanzhou,2016-12-13,160.0
Lanzhou,2016-12-12,214.0
Lanzhou,2016-12-11,180.0
Lanzhou,2016-12-10,179.0
Lanzhou,2016-12-09,193.0
Lanzhou,2016-12-08,174.0
Lanzhou,2016-12-07,156.0
Lanzhou,2016-12-06,135.0
Lanzhou,2016-12-05,207.0
Lanzhou,2016-12-04,192.0
Lanzhou,2016-12-03,187.0
Lanzhou,2016-12-02,179.0
Lanzhou,2016-12-01,166.0
Lanzhou,2016-11-30,141.0
Lanzhou,2016-11-29,166.0
Lanzhou,2016-11-28,181.0
Lanzhou,2016-11-27,184.0
Lanzhou,2016-11-26,231.0
Lanzhou,2016-11-25,155.0
Lanzhou,2016-11-24,132.0
Lanzhou,2016-11-23,106.0
Lanzhou,2016-11-22,123.0
Lanzhou,2016-11-21,177.0
Lanzhou,2016-11-20,163.0
Lanzhou,2016-11-19,199.0
Lanzhou,2016-11-18,319.0
Lanzhou,2016-11-17,190.0
Lanzhou,2016-11-16,174.0
Lanzhou,2016-11-15,168.0
Lanzhou,2016-11-14,188.0
Lanzhou,2016-11-13,179.0
Lanzhou,2016-11-12,198.0
Lanzhou,2016-11-11,489.0
Lanzhou,2016-11-10,919.0
Lanzhou,2016-11-09,160.0
Lanzhou,2016-11-08,149.0
Lanzhou,2016-11-07,135.0
Lanzhou,2016-11-05,183.0
Lanzhou,2016-11-04,185.0
Lanzhou,2016-11-03,165.0
Lanzhou,2016-11-02,158.0
Lanzhou,2016-11-01,139.0
Lanzhou,2016-10-31,131.0
Lanzhou,2016-10-30,120.0
Lanzhou,2016-10-29,72.0
Lanzhou,2016-10-28,97.0
Lanzhou,2016-10-27,136.0
Lanzhou,2016-10-26,119.0
Lanzhou,2016-10-25,105.0
Lanzhou,2016-10-24,150.0
Lanzhou,2016-10-23,97.0
Lanzhou,2016-10-22,126.0
Lanzhou,2016-10-21,133.0
Lanzhou,2016-10-20,135.0
Lanzhou,2016-10-19,142.0
Lanzhou,2016-10-18,135.0
Lanzhou,2016-10-17,113.0
Lanzhou,2016-10-16,133.0
Lanzhou,2016-10-15,96.0
Lanzhou,2016-10-14,125.0
Lanzhou,2016-10-13,149.0
Lanzhou,2016-10-12,156.0
Lanzhou,2016-10-11,124.0
Lanzhou,2016-10-10,112.0
Lanzhou,2016-10-09,110.0
Lanzhou,2016-10-08,98.0
Lanzhou,2016-10-07,95.0
Lanzhou,2016-10-06,101.0
Lanzhou,2016-10-05,98.0
Lanzhou,2016-10-04,150.0
Lanzhou,2016-10-03,231.0
Lanzhou,2016-10-02,126.0
Lanzhou,2016-10-01,128.0
Lanzhou,2016-09-30,127.0
Lanzhou,2016-09-29,115.0
Lanzhou,2016-09-28,95.0
Lanzhou,2016-09-27,113.0
Lanzhou,2016-09-26,108.0
Lanzhou,2016-09-25,146.0
Lanzhou,2016-09-24,132.0
Lanzhou,2016-09-23,134.0
Lanzhou,2016-09-22,120.0
Lanzhou,2016-09-21,126.0
Lanzhou,2016-09-20,124.0
Lanzhou,2016-09-19,102.0
Lanzhou,2016-09-18,86.0
Lanzhou,2016-09-17,107.0
Lanzhou,2016-09-16,114.0
Lanzhou,2016-09-15,137.0
Lanzhou,2016-09-14,93.0
Lanzhou,2016-09-13,87.0
Lanzhou,2016-09-12,108.0
Lanzhou,2016-09-11,112.0
Lanzhou,2016-09-10,87.0
Lanzhou,2016-09-09,114.0
Lanzhou,2016-09-08,119.0
Lanzhou,2016-09-07,91.0
Lanzhou,2016-09-06,112.0
Lanzhou,2016-09-05,120.0
Lanzhou,2016-09-04,124.0
Lanzhou,2016-09-03,113.0
Lanzhou,2016-09-02,117.0
Lanzhou,2016-09-01,121.0
Lanzhou,2016-08-31,112.0
Lanzhou,2016-08-30,95.0
Lanzhou,2016-08-29,96.0
Lanzhou,2016-08-28,86.0
Lanzhou,2016-08-27,73.0
Lanzhou,2016-08-26,70.0
Lanzhou,2016-08-25,73.0
Lanzhou,2016-08-24,69.0
Lanzhou,2016-08-23,124.0
Lanzhou,2016-08-22,125.0
Lanzhou,2016-08-21,75.0
Lanzhou,2016-08-20,66.0
Lanzhou,2016-08-19,77.0
Lanzhou,2016-08-18,87.0
Lanzhou,2016-08-17,108.0
Lanzhou,2016-08-16,96.0
Lanzhou,2016-08-15,96.0
Lanzhou,2016-08-14,84.0
Lanzhou,2016-08-13,93.0
Lanzhou,2016-08-12,72.0
Lanzhou,2016-08-11,105.0
Lanzhou,2016-08-10,96.0
Lanzhou,2016-08-09,81.0
Lanzhou,2016-08-08,117.0
Lanzhou,2016-08-07,115.0
Lanzhou,2016-08-06,98.0
Lanzhou,2016-08-05,77.0
Lanzhou,2016-08-04,75.0
Lanzhou,2016-08-03,68.0
Lanzhou,2016-08-02,70.0
Lanzhou,2016-08-01,75.0
Lanzhou,2016-07-31,79.0
Lanzhou,2016-07-30,93.0
Lanzhou,2016-07-29,97.0
Lanzhou,2016-07-28,127.0
Lanzhou,2016-07-27,134.0
Lanzhou,2016-07-26,97.0
Lanzhou,2016-07-25,70.0
Lanzhou,2016-07-24,75.0
Lanzhou,2016-07-23,140.0
Lanzhou,2016-07-22,124.0
Lanzhou,2016-07-21,99.0
Lanzhou,2016-07-20,110.0
Lanzhou,2016-07-19,116.0
Lanzhou,2016-07-18,117.0
Lanzhou,2016-07-17,119.0
Lanzhou,2016-07-16,97.0
Lanzhou,2016-07-15,120.0
Lanzhou,2016-07-14,80.0
Lanzhou,2016-07-13,96.0
Lanzhou,2016-07-12,104.0
Lanzhou,2016-07-11,108.0
Lanzhou,2016-07-10,108.0
Lanzhou,2016-07-09,73.0
Lanzhou,2016-07-08,66.0
Lanzhou,2016-07-07,67.0
Lanzhou,2016-07-06,96.0
Lanzhou,2016-07-05,96.0
Lanzhou,2016-07-04,92.0
Lanzhou,2016-07-03,110.0
Lanzhou,2016-07-02,99.0
Lanzhou,2016-07-01,97.0
Lanzhou,2016-06-30,135.0
Lanzhou,2016-06-29,153.0
Lanzhou,2016-06-28,145.0
Lanzhou,2016-06-27,116.0
Lanzhou,2016-06-26,89.0
Lanzhou,2016-06-25,114.0
Lanzhou,2016-06-24,98.0
Lanzhou,2016-06-23,133.0
Lanzhou,2016-06-22,107.0
Lanzhou,2016-06-21,93.0
Lanzhou,2016-06-20,108.0
Lanzhou,2016-06-19,134.0
Lanzhou,2016-06-18,132.0
Lanzhou,2016-06-17,93.0
Lanzhou,2016-06-16,73.0
Lanzhou,2016-06-15,125.0
Lanzhou,2016-06-14,132.0
Lanzhou,2016-06-13,100.0
Lanzhou,2016-06-12,125.0
Lanzhou,2016-06-11,99.0
Lanzhou,2016-06-10,94.0
Lanzhou,2016-06-09,68.0
Lanzhou,2016-06-08,89.0
Lanzhou,2016-06-07,108.0
Lanzhou,2016-06-06,98.0
Lanzhou,2016-06-05,82.0
Lanzhou,2016-06-04,107.0
Lanzhou,2016-06-03,122.0
Lanzhou,2016-06-02,142.0
Lanzhou,2016-06-01,114.0
Lanzhou,2016-05-31,97.0
Lanzhou,2016-05-30,117.0
Lanzhou,2016-05-29,139.0
Lanzhou,2016-05-28,116.0
Lanzhou,2016-05-27,79.0
Lanzhou,2016-05-26,79.0
Lanzhou,2016-05-25,109.0
Lanzhou,2016-05-24,71.0
Lanzhou,2016-05-23,67.0
Lanzhou,2016-05-22,87.0
Lanzhou,2016-05-21,146.0
Lanzhou,2016-05-20,123.0
Lanzhou,2016-05-19,108.0
Lanzhou,2016-05-18,110.0
Lanzhou,2016-05-17,101.0
Lanzhou,2016-05-16,166.0
Lanzhou,2016-05-15,116.0
Lanzhou,2016-05-14,99.0
Lanzhou,2016-05-13,133.0
Lanzhou,2016-05-12,185.0
Lanzhou,2016-05-11,214.0
Lanzhou,2016-05-10,119.0
Lanzhou,2016-05-09,162.0
Lanzhou,2016-05-08,145.0
Lanzhou,2016-05-07,143.0
Lanzhou,2016-05-06,156.0
Lanzhou,2016-05-05,163.0
Lanzhou,2016-05-04,145.0
Lanzhou,2016-05-03,101.0
Lanzhou,2016-05-02,157.0
Lanzhou,2016-05-01,203.0
Lanzhou,2016-04-30,144.0
Lanzhou,2016-04-29,154.0
Lanzhou,2016-04-28,137.0
Lanzhou,2016-04-27,122.0
Lanzhou,2016-04-26,105.0
Lanzhou,2016-04-25,124.0
Lanzhou,2016-04-24,122.0
Lanzhou,2016-04-23,125.0
Lanzhou,2016-04-22,118.0
Lanzhou,2016-04-21,106.0
Lanzhou,2016-04-20,102.0
Lanzhou,2016-04-19,112.0
Lanzhou,2016-04-18,94.0
Lanzhou,2016-04-17,88.0
Lanzhou,2016-04-16,93.0
Lanzhou,2016-04-15,84.0
Lanzhou,2016-04-14,116.0
Lanzhou,2016-04-13,107.0
Lanzhou,2016-04-12,134.0
Lanzhou,2016-04-11,135.0
Lanzhou,2016-04-10,101.0
Lanzhou,2016-04-09,89.0
Lanzhou,2016-04-08,118.0
Lanzhou,2016-04-07,124.0
Lanzhou,2016-04-06,121.0
Lanzhou,2016-04-05,123.0
Lanzhou,2016-04-03,100.0
Lanzhou,2016-04-02,153.0
Lanzhou,2016-04-01,150.0
Lanzhou,2016-03-31,117.0
Lanzhou,2016-03-30,112.0
Lanzhou,2016-03-29,107.0
Lanzhou,2016-03-28,105.0
Lanzhou,2016-03-27,80.0
Lanzhou,2016-03-26,109.0
Lanzhou,2016-03-25,108.0
Lanzhou,2016-03-24,134.0
Lanzhou,2016-03-23,144.0
Lanzhou,2016-03-22,114.0
Lanzhou,2016-03-21,160.0
Lanzhou,2016-03-20,145.0
Lanzhou,2016-03-19,160.0
Lanzhou,2016-03-18,145.0
Lanzhou,2016-03-17,135.0
Lanzhou,2016-03-16,124.0
Lanzhou,2016-03-15,132.0
Lanzhou,2016-03-14,123.0
Lanzhou,2016-03-12,154.0
Lanzhou,2016-03-11,114.0
Lanzhou,2016-03-10,140.0
Lanzhou,2016-03-09,184.0
Lanzhou,2016-03-08,154.0
Lanzhou,2016-03-07,156.0
Lanzhou,2016-03-06,155.0
Lanzhou,2016-03-05,126.0
Lanzhou,2016-03-04,191.0
Lanzhou,2016-03-03,81.0
Lanzhou,2016-03-02,96.0
Lanzhou,2016-03-01,104.0
Lanzhou,2016-02-29,153.0
Lanzhou,2016-02-28,265.0
Lanzhou,2016-02-27,140.0
Lanzhou,2016-02-26,139.0
Lanzhou,2016-02-25,140.0
Lanzhou,2016-02-24,157.0
Lanzhou,2016-02-23,153.0
Lanzhou,2016-02-22,148.0
Lanzhou,2016-02-21,198.0
Lanzhou,2016-02-20,468.0
Lanzhou,2016-02-19,407.0
Lanzhou,2016-02-18,228.0
Lanzhou,2016-02-17,136.0
Lanzhou,2016-02-16,120.0
Lanzhou,2016-02-15,101.0
Lanzhou,2016-02-14,69.0
Lanzhou,2016-02-13,99.0
Lanzhou,2016-02-12,169.0
Lanzhou,2016-02-11,174.0
Lanzhou,2016-02-10,172.0
Lanzhou,2016-02-09,217.0
Lanzhou,2016-02-08,184.0
Lanzhou,2016-02-07,133.0
Lanzhou,2016-02-06,107.0
Lanzhou,2016-02-05,150.0
Lanzhou,2016-02-04,162.0
Lanzhou,2016-02-03,165.0
Lanzhou,2016-02-02,133.0
Lanzhou,2016-02-01,109.0
Lanzhou,2016-01-31,168.0
Lanzhou,2016-01-30,178.0
Lanzhou,2016-01-29,170.0
Lanzhou,2016-01-28,169.0
Lanzhou,2016-01-27,162.0
Lanzhou,2016-01-26,146.0
Lanzhou,2016-01-25,87.0
Lanzhou,2016-01-24,78.0
Lanzhou,2016-01-23,60.0
Lanzhou,2016-01-22,127.0
Lanzhou,2016-01-21,92.0
Lanzhou,2016-01-20,146.0
Lanzhou,2016-01-19,116.0
Lanzhou,2016-01-18,141.0
Lanzhou,2016-01-17,172.0
Lanzhou,2016-01-16,187.0
Lanzhou,2016-01-15,144.0
Lanzhou,2016-01-14,152.0
Lanzhou,2016-01-13,128.0
Lanzhou,2016-01-12,130.0
Lanzhou,2016-01-11,150.0
Lanzhou,2016-01-10,174.0
Lanzhou,2016-01-09,167.0
Lanzhou,2016-01-08,139.0
Lanzhou,2016-01-07,135.0
Lanzhou,2016-01-06,102.0
Lanzhou,2016-01-05,160.0
Lanzhou,2016-01-04,94.0
Lanzhou,2015-12-31,184.0
Lanzhou,2015-12-30,171.0
Lanzhou,2015-12-29,152.0
Lanzhou,2015-12-28,140.0
Lanzhou,2015-12-27,173.0
Lanzhou,2015-12-26,171.0
Lanzhou,2015-12-25,161.0
Lanzhou,2015-12-24,167.0
Lanzhou,2015-12-23,166.0
Lanzhou,2015-12-22,171.0
Lanzhou,2015-12-21,171.0
Lanzhou,2015-12-20,162.0
Lanzhou,2015-12-19,158.0
Lanzhou,2015-12-18,157.0
Lanzhou,2015-12-17,114.0
Lanzhou,2015-12-16,118.0
Lanzhou,2015-12-15,104.0
Lanzhou,2015-12-14,77.0
Lanzhou,2015-12-13,122.0
Lanzhou,2015-12-12,175.0
Lanzhou,2015-12-11,161.0
Lanzhou,2015-12-10,169.0
Lanzhou,2015-12-09,166.0
Lanzhou,2015-12-08,174.0
Lanzhou,2015-12-07,177.0
Lanzhou,2015-12-06,171.0
Lanzhou,2015-12-05,141.0
Lanzhou,2015-12-04,101.0
Lanzhou,2015-12-03,101.0
Lanzhou,2015-12-02,141.0
Lanzhou,2015-12-01,205.0
Lanzhou,2015-11-30,185.0
Lanzhou,2015-11-29,170.0
Lanzhou,2015-11-28,185.0
Lanzhou,2015-11-27,162.0
Lanzhou,2015-11-26,112.0
Lanzhou,2015-11-25,78.0
Lanzhou,2015-11-24,82.0
Lanzhou,2015-11-23,149.0
Lanzhou,2015-11-22,161.0
Lanzhou,2015-11-21,163.0
Lanzhou,2015-11-20,166.0
Lanzhou,2015-11-19,165.0
Lanzhou,2015-11-18,128.0
Lanzhou,2015-11-17,127.0
Lanzhou,2015-11-16,133.0
Lanzhou,2015-11-15,120.0
Lanzhou,2015-11-14,150.0
Lanzhou,2015-11-13,144.0
Lanzhou,2015-11-12,120.0
Lanzhou,2015-11-11,163.0
Lanzhou,2015-11-10,169.0
Lanzhou,2015-11-09,159.0
Lanzhou,2015-11-08,111.0
Lanzhou,2015-11-07,101.0
Lanzhou,2015-11-06,106.0
Lanzhou,2015-11-05,82.0
Lanzhou,2015-11-04,116.0
Lanzhou,2015-11-03,139.0
Lanzhou,2015-11-02,167.0
Lanzhou,2015-10-31,96.0
Lanzhou,2015-10-30,76.0
Lanzhou,2015-10-29,138.0
Lanzhou,2015-10-28,132.0
Lanzhou,2015-10-27,78.0
Lanzhou,2015-10-26,83.0
Lanzhou,2015-10-25,107.0
Lanzhou,2015-10-24,119.0
Lanzhou,2015-10-23,73.0
Lanzhou,2015-10-22,78.0
Lanzhou,2015-10-21,140.0
Lanzhou,2015-10-20,151.0
Lanzhou,2015-10-19,133.0
Lanzhou,2015-10-18,98.0
Lanzhou,2015-10-17,128.0
Lanzhou,2015-10-16,149.0
Lanzhou,2015-10-15,130.0
Lanzhou,2015-10-14,104.0
Lanzhou,2015-10-13,102.0
Lanzhou,2015-10-12,82.0
Lanzhou,2015-10-11,98.0
Lanzhou,2015-10-10,102.0
Lanzhou,2015-10-09,85.0
Lanzhou,2015-10-08,111.0
Lanzhou,2015-10-07,100.0
Lanzhou,2015-10-06,105.0
Lanzhou,2015-10-05,108.0
Lanzhou,2015-10-04,100.0
Lanzhou,2015-10-03,109.0
Lanzhou,2015-10-02,107.0
Lanzhou,2015-10-01,114.0
Lanzhou,2015-09-30,112.0
Lanzhou,2015-09-29,83.0
Lanzhou,2015-09-28,84.0
Lanzhou,2015-09-27,130.0
Lanzhou,2015-09-26,120.0
Lanzhou,2015-09-25,126.0
Lanzhou,2015-09-24,129.0
Lanzhou,2015-09-23,97.0
Lanzhou,2015-09-22,103.0
Lanzhou,2015-09-21,115.0
Lanzhou,2015-09-20,94.0
Lanzhou,2015-09-19,109.0
Lanzhou,2015-09-18,103.0
Lanzhou,2015-09-17,97.0
Lanzhou,2015-09-16,75.0
Lanzhou,2015-09-15,106.0
Lanzhou,2015-09-14,84.0
Lanzhou,2015-09-13,76.0
Lanzhou,2015-09-12,71.0
Lanzhou,2015-09-11,62.0
Lanzhou,2015-09-10,70.0
Lanzhou,2015-09-09,85.0
Lanzhou,2015-09-08,82.0
Lanzhou,2015-09-07,96.0
Lanzhou,2015-09-06,95.0
Lanzhou,2015-09-05,80.0
Lanzhou,2015-09-04,98.0
Lanzhou,2015-09-03,87.0
Lanzhou,2015-09-02,81.0
Lanzhou,2015-09-01,81.0
Lanzhou,2015-08-31,110.0
Lanzhou,2015-08-30,110.0
Lanzhou,2015-08-29,92.0
Lanzhou,2015-08-28,76.0
Lanzhou,2015-08-27,102.0
Lanzhou,2015-08-26,96.0
Lanzhou,2015-08-25,95.0
Lanzhou,2015-08-24,80.0
Lanzhou,2015-08-23,116.0
Lanzhou,2015-08-22,108.0
Lanzhou,2015-08-21,115.0
Lanzhou,2015-08-20,105.0
Lanzhou,2015-08-19,119.0
Lanzhou,2015-08-18,148.0
Lanzhou,2015-08-17,126.0
Lanzhou,2015-08-16,219.0
Lanzhou,2015-08-15,107.0
Lanzhou,2015-08-14,115.0
Lanzhou,2015-08-13,123.0
Lanzhou,2015-08-12,84.0
Lanzhou,2015-08-11,84.0
Lanzhou,2015-08-10,71.0
Lanzhou,2015-08-09,81.0
Lanzhou,2015-08-08,87.0
Lanzhou,2015-08-07,109.0
Lanzhou,2015-08-06,120.0
Lanzhou,2015-08-05,124.0
Lanzhou,2015-08-04,138.0
Lanzhou,2015-08-03,115.0
Lanzhou,2015-08-02,151.0
Lanzhou,2015-08-01,139.0
Lanzhou,2015-07-31,148.0
Lanzhou,2015-07-30,143.0
Lanzhou,2015-07-29,138.0
Lanzhou,2015-07-28,137.0
Lanzhou,2015-07-27,132.0
Lanzhou,2015-07-26,130.0
Lanzhou,2015-07-25,133.0
Lanzhou,2015-07-24,99.0
Lanzhou,2015-07-23,118.0
Lanzhou,2015-07-22,122.0
Lanzhou,2015-07-21,124.0
Lanzhou,2015-07-20,126.0
Lanzhou,2015-07-19,125.0
Lanzhou,2015-07-18,138.0
Lanzhou,2015-07-17,125.0
Lanzhou,2015-07-16,119.0
Lanzhou,2015-07-15,127.0
Lanzhou,2015-07-14,132.0
Lanzhou,2015-07-13,152.0
Lanzhou,2015-07-12,116.0
Lanzhou,2015-07-11,127.0
Lanzhou,2015-07-10,99.0
Lanzhou,2015-07-09,129.0
Lanzhou,2015-07-08,123.0
Lanzhou,2015-07-07,130.0
Lanzhou,2015-07-06,135.0
Lanzhou,2015-07-05,176.0
Lanzhou,2015-07-04,159.0
Lanzhou,2015-07-03,137.0
Lanzhou,2015-07-02,124.0
Lanzhou,2015-07-01,82.0
Lanzhou,2015-06-30,164.0
Lanzhou,2015-06-29,128.0
Lanzhou,2015-06-28,87.0
Lanzhou,2015-06-27,99.0
Lanzhou,2015-06-26,149.0
Lanzhou,2015-06-25,116.0
Lanzhou,2015-06-24,136.0
Lanzhou,2015-06-23,129.0
Lanzhou,2015-06-22,138.0
Lanzhou,2015-06-21,136.0
Lanzhou,2015-06-20,119.0
Lanzhou,2015-06-19,121.0
Lanzhou,2015-06-18,121.0
Lanzhou,2015-06-17,116.0
Lanzhou,2015-06-16,102.0
Lanzhou,2015-06-15,86.0
Lanzhou,2015-06-14,105.0
Lanzhou,2015-06-13,99.0
Lanzhou,2015-06-12,116.0
Lanzhou,2015-06-11,143.0
Lanzhou,2015-06-10,129.0
Lanzhou,2015-06-09,110.0
Lanzhou,2015-06-08,128.0
Lanzhou,2015-06-07,119.0
Lanzhou,2015-06-06,131.0
Lanzhou,2015-06-05,141.0
Lanzhou,2015-06-04,116.0
Lanzhou,2015-06-03,143.0
Lanzhou,2015-06-02,166.0
Lanzhou,2015-06-01,177.0
Lanzhou,2015-05-31,111.0
Lanzhou,2015-05-30,110.0
Lanzhou,2015-05-29,92.0
Lanzhou,2015-05-28,169.0
Lanzhou,2015-05-27,190.0
Lanzhou,2015-05-26,80.0
Lanzhou,2015-05-25,104.0
Lanzhou,2015-05-24,95.0
Lanzhou,2015-05-23,128.0
Lanzhou,2015-05-22,107.0
Lanzhou,2015-05-21,70.0
Lanzhou,2015-05-20,135.0
Lanzhou,2015-05-19,201.0
Lanzhou,2015-05-18,374.0
Lanzhou,2015-05-17,130.0
Lanzhou,2015-05-16,135.0
Lanzhou,2015-05-15,121.0
Lanzhou,2015-05-14,139.0
Lanzhou,2015-05-13,116.0
Lanzhou,2015-05-12,124.0
Lanzhou,2015-05-11,126.0
Lanzhou,2015-05-10,169.0
Lanzhou,2015-05-09,126.0
Lanzhou,2015-05-08,128.0
Lanzhou,2015-05-07,143.0
Lanzhou,2015-05-06,130.0
Lanzhou,2015-05-05,89.0
Lanzhou,2015-05-04,78.0
Lanzhou,2015-05-03,109.0
Lanzhou,2015-05-02,117.0
Lanzhou,2015-05-01,149.0
Lanzhou,2015-04-30,110.0
Lanzhou,2015-04-29,131.0
Lanzhou,2015-04-28,132.0
Lanzhou,2015-04-27,106.0
Lanzhou,2015-04-26,118.0
Lanzhou,2015-04-25,126.0
Lanzhou,2015-04-24,101.0
Lanzhou,2015-04-23,127.0
Lanzhou,2015-04-22,99.0
Lanzhou,2015-04-21,89.0
Lanzhou,2015-04-20,86.0
Lanzhou,2015-04-19,112.0
Lanzhou,2015-04-18,167.0
Lanzhou,2015-04-17,199.0
Lanzhou,2015-04-16,250.0
Lanzhou,2015-04-15,174.0
Lanzhou,2015-04-14,114.0
Lanzhou,2015-04-13,129.0
Lanzhou,2015-04-12,156.0
Lanzhou,2015-04-11,130.0
Lanzhou,2015-04-10,102.0
Lanzhou,2015-04-09,93.0
Lanzhou,2015-04-08,83.0
Lanzhou,2015-04-07,84.0
Lanzhou,2015-04-05,140.0
Lanzhou,2015-04-04,142.0
Lanzhou,2015-04-03,182.0
Lanzhou,2015-04-02,303.0
Lanzhou,2015-04-01,113.0
Lanzhou,2015-03-31,121.0
Lanzhou,2015-03-30,148.0
Lanzhou,2015-03-29,148.0
Lanzhou,2015-03-28,133.0
Lanzhou,2015-03-27,120.0
Lanzhou,2015-03-26,113.0
Lanzhou,2015-03-25,104.0
Lanzhou,2015-03-24,136.0
Lanzhou,2015-03-23,156.0
Lanzhou,2015-03-22,146.0
Lanzhou,2015-03-21,115.0
Lanzhou,2015-03-20,96.0
Lanzhou,2015-03-19,130.0
Lanzhou,2015-03-18,161.0
Lanzhou,2015-03-17,147.0
Lanzhou,2015-03-16,158.0
Lanzhou,2015-03-15,157.0
Lanzhou,2015-03-14,155.0
Lanzhou,2015-03-13,165.0
Lanzhou,2015-03-12,142.0
Lanzhou,2015-03-11,116.0
Lanzhou,2015-03-10,137.0
Lanzhou,2015-03-09,120.0
Lanzhou,2015-03-07,157.0
Lanzhou,2015-03-06,160.0
Lanzhou,2015-03-05,147.0
Lanzhou,2015-03-04,163.0
Lanzhou,2015-03-03,216.0
Lanzhou,2015-03-02,178.0
Lanzhou,2015-03-01,76.0
Lanzhou,2015-02-28,132.0
Lanzhou,2015-02-27,115.0
Lanzhou,2015-02-26,149.0
Lanzhou,2015-02-25,159.0
Lanzhou,2015-02-24,133.0
Lanzhou,2015-02-23,110.0
Lanzhou,2015-02-22,104.0
Lanzhou,2015-02-21,122.0
Lanzhou,2015-02-20,186.0
Lanzhou,2015-02-19,165.0
Lanzhou,2015-02-18,145.0
Lanzhou,2015-02-17,136.0
Lanzhou,2015-02-16,105.0
Lanzhou,2015-02-15,169.0
Lanzhou,2015-02-14,223.0
Lanzhou,2015-02-13,159.0
Lanzhou,2015-02-12,153.0
Lanzhou,2015-02-11,155.0
Lanzhou,2015-02-10,163.0
Lanzhou,2015-02-09,149.0
Lanzhou,2015-02-08,123.0
Lanzhou,2015-02-07,150.0
Lanzhou,2015-02-06,149.0
Lanzhou,2015-02-05,135.0
Lanzhou,2015-02-04,160.0
Lanzhou,2015-02-03,153.0
Lanzhou,2015-02-02,160.0
Lanzhou,2015-02-01,157.0
Lanzhou,2015-01-31,129.0
Lanzhou,2015-01-30,115.0
Lanzhou,2015-01-29,117.0
Lanzhou,2015-01-28,94.0
Lanzhou,2015-01-27,100.0
Lanzhou,2015-01-26,167.0
Lanzhou,2015-01-25,119.0
Lanzhou,2015-01-24,169.0
Lanzhou,2015-01-23,158.0
Lanzhou,2015-01-22,139.0
Lanzhou,2015-01-21,165.0
Lanzhou,2015-01-20,157.0
Lanzhou,2015-01-19,130.0
Lanzhou,2015-01-18,134.0
Lanzhou,2015-01-17,164.0
Lanzhou,2015-01-16,100.0
Lanzhou,2015-01-15,152.0
Lanzhou,2015-01-14,152.0
Lanzhou,2015-01-13,177.0
Lanzhou,2015-01-12,173.0
Lanzhou,2015-01-11,167.0
Lanzhou,2015-01-10,169.0
Lanzhou,2015-01-09,162.0
Lanzhou,2015-01-08,124.0
Lanzhou,2015-01-07,115.0
Lanzhou,2015-01-06,78.0
Lanzhou,2015-01-05,155.0
Lanzhou,2015-01-04,196.0
Lanzhou,2015-01-03,183.0
Lanzhou,2015-01-02,176.0
Lanzhou,2014-12-28,209.0
Lanzhou,2014-12-27,185.0
Lanzhou,2014-12-26,172.0
Lanzhou,2014-12-25,164.0
Lanzhou,2014-12-24,175.0
Lanzhou,2014-12-23,169.0
Lanzhou,2014-12-22,118.0
Lanzhou,2014-12-21,123.0
Lanzhou,2014-12-20,154.0
Lanzhou,2014-12-19,184.0
Lanzhou,2014-12-18,183.0
Lanzhou,2014-12-17,154.0
Lanzhou,2014-12-16,109.0
Lanzhou,2014-12-15,168.0
Lanzhou,2014-12-14,185.0
Lanzhou,2014-12-13,142.0
Lanzhou,2014-12-12,105.0
Lanzhou,2014-12-11,142.0
Lanzhou,2014-12-10,106.0
Lanzhou,2014-12-09,171.0
Lanzhou,2014-12-08,159.0
Lanzhou,2014-12-07,129.0
Lanzhou,2014-12-06,187.0
Lanzhou,2014-12-05,150.0
Lanzhou,2014-12-04,100.0
Lanzhou,2014-12-03,164.0
Lanzhou,2014-12-02,157.0
Lanzhou,2014-12-01,105.0
Lanzhou,2014-11-30,126.0
Lanzhou,2014-11-29,150.0
Lanzhou,2014-11-28,81.0
Lanzhou,2014-11-27,141.0
Lanzhou,2014-11-26,202.0
Lanzhou,2014-11-25,164.0
Lanzhou,2014-11-24,130.0
Lanzhou,2014-11-23,156.0
Lanzhou,2014-11-22,166.0
Lanzhou,2014-11-21,159.0
Lanzhou,2014-11-20,165.0
Lanzhou,2014-11-19,171.0
Lanzhou,2014-11-18,167.0
Lanzhou,2014-11-17,158.0
Lanzhou,2014-11-16,115.0
Lanzhou,2014-11-15,160.0
Lanzhou,2014-11-14,154.0
Lanzhou,2014-11-13,113.0
Lanzhou,2014-11-12,117.0
Lanzhou,2014-11-11,119.0
Lanzhou,2014-11-10,103.0
Lanzhou,2014-11-09,157.0
Lanzhou,2014-11-08,153.0
Lanzhou,2014-11-07,167.0
Lanzhou,2014-11-06,160.0
Lanzhou,2014-11-05,165.0
Lanzhou,2014-11-04,174.0
Lanzhou,2014-11-03,141.0
Lanzhou,2014-11-01,71.0
Lanzhou,2014-10-31,93.0
Lanzhou,2014-10-30,134.0
Lanzhou,2014-10-29,71.0
Lanzhou,2014-10-28,119.0
Lanzhou,2014-10-27,153.0
Lanzhou,2014-10-26,148.0
Lanzhou,2014-10-25,150.0
Lanzhou,2014-10-24,155.0
Lanzhou,2014-10-23,146.0
Lanzhou,2014-10-22,109.0
Lanzhou,2014-10-21,113.0
Lanzhou,2014-10-20,122.0
Lanzhou,2014-10-19,183.0
Lanzhou,2014-10-18,175.0
Lanzhou,2014-10-17,146.0
Lanzhou,2014-10-16,129.0
Lanzhou,2014-10-15,168.0
Lanzhou,2014-10-14,131.0
Lanzhou,2014-10-13,92.0
Lanzhou,2014-10-12,52.0
Lanzhou,2014-10-11,119.0
Lanzhou,2014-10-10,95.0
Lanzhou,2014-10-09,131.0
Lanzhou,2014-10-08,126.0
Lanzhou,2014-10-07,111.0
Lanzhou,2014-10-06,115.0
Lanzhou,2014-10-05,86.0
Lanzhou,2014-10-04,126.0
Lanzhou,2014-10-03,140.0
Lanzhou,2014-10-02,104.0
Lanzhou,2014-09-30,144.0
Lanzhou,2014-09-29,120.0
Lanzhou,2014-09-28,138.0
Lanzhou,2014-09-27,122.0
Lanzhou,2014-09-26,104.0
Lanzhou,2014-09-25,141.0
Lanzhou,2014-09-24,124.0
Lanzhou,2014-09-23,97.0
Lanzhou,2014-09-22,89.0
Lanzhou,2014-09-21,117.0
Lanzhou,2014-09-20,132.0
Lanzhou,2014-09-19,148.0
Lanzhou,2014-09-18,114.0
Lanzhou,2014-09-17,80.0
Lanzhou,2014-09-16,95.0
Lanzhou,2014-09-15,93.0
Lanzhou,2014-09-14,148.0
Lanzhou,2014-09-13,141.0
Lanzhou,2014-09-12,76.0
Lanzhou,2014-09-11,86.0
Lanzhou,2014-09-10,155.0
Lanzhou,2014-09-09,159.0
Lanzhou,2014-09-08,106.0
Lanzhou,2014-09-07,110.0
Lanzhou,2014-09-06,108.0
Lanzhou,2014-09-05,126.0
Lanzhou,2014-09-04,106.0
Lanzhou,2014-09-03,105.0
Lanzhou,2014-09-02,103.0
Lanzhou,2014-09-01,133.0
Lanzhou,2014-08-31,93.0
Lanzhou,2014-08-30,107.0
Lanzhou,2014-08-29,101.0
Lanzhou,2014-08-28,130.0
Lanzhou,2014-08-27,113.0
Lanzhou,2014-08-26,124.0
Lanzhou,2014-08-25,117.0
Lanzhou,2014-08-24,133.0
Lanzhou,2014-08-23,167.0
Lanzhou,2014-08-22,156.0
Lanzhou,2014-08-21,119.0
Lanzhou,2014-08-20,108.0
Lanzhou,2014-08-19,123.0
Lanzhou,2014-08-18,109.0
Lanzhou,2014-08-17,119.0
Lanzhou,2014-08-16,135.0
Lanzhou,2014-08-15,118.0
Lanzhou,2014-08-14,99.0
Lanzhou,2014-08-13,112.0
Lanzhou,2014-08-12,101.0
Lanzhou,2014-08-11,131.0
Lanzhou,2014-08-10,126.0
Lanzhou,2014-08-09,121.0
Lanzhou,2014-08-08,115.0
Lanzhou,2014-08-07,83.0
Lanzhou,2014-08-06,127.0
Lanzhou,2014-08-05,94.0
Lanzhou,2014-08-04,119.0
Lanzhou,2014-08-03,154.0
Lanzhou,2014-08-02,111.0
Lanzhou,2014-08-01,127.0
Lanzhou,2014-07-31,133.0
Lanzhou,2014-07-30,126.0
Lanzhou,2014-07-29,114.0
Lanzhou,2014-07-28,116.0
Lanzhou,2014-07-27,123.0
Lanzhou,2014-07-26,119.0
Lanzhou,2014-07-25,137.0
Lanzhou,2014-07-24,119.0
Lanzhou,2014-07-23,102.0
Lanzhou,2014-07-22,103.0
Lanzhou,2014-07-21,87.0
Lanzhou,2014-07-20,107.0
Lanzhou,2014-07-19,102.0
Lanzhou,2014-07-18,100.0
Lanzhou,2014-07-17,106.0
Lanzhou,2014-07-16,128.0
Lanzhou,2014-07-15,122.0
Lanzhou,2014-07-14,107.0
Lanzhou,2014-07-13,125.0
Lanzhou,2014-07-12,118.0
Lanzhou,2014-07-11,109.0
Lanzhou,2014-07-10,95.0
Lanzhou,2014-07-09,109.0
Lanzhou,2014-07-08,151.0
Lanzhou,2014-07-06,134.0
Lanzhou,2014-07-05,132.0
Lanzhou,2014-07-04,110.0
Lanzhou,2014-07-03,149.0
Lanzhou,2014-07-02,142.0
Lanzhou,2014-06-30,134.0
Lanzhou,2014-06-29,124.0
Lanzhou,2014-06-28,154.0
Lanzhou,2014-06-27,145.0
Lanzhou,2014-06-26,175.0
Lanzhou,2014-06-25,112.0
Lanzhou,2014-06-24,117.0
Lanzhou,2014-06-23,126.0
Lanzhou,2014-06-22,141.0
Lanzhou,2014-06-21,123.0
Lanzhou,2014-06-20,107.0
Lanzhou,2014-06-19,119.0
Lanzhou,2014-06-18,135.0
Lanzhou,2014-06-17,110.0
Lanzhou,2014-06-16,136.0
Lanzhou,2014-06-15,165.0
Lanzhou,2014-06-14,153.0
Lanzhou,2014-06-13,133.0
Lanzhou,2014-06-12,149.0
Lanzhou,2014-06-11,130.0
Lanzhou,2014-06-10,122.0
Lanzhou,2014-06-09,132.0
Lanzhou,2014-06-08,144.0
Lanzhou,2014-06-07,116.0
Lanzhou,2014-06-06,128.0
Lanzhou,2014-06-05,143.0
Lanzhou,2014-06-04,161.0
Lanzhou,2014-06-03,160.0
Lanzhou,2014-06-02,153.0
Lanzhou,2014-06-01,127.0
Lanzhou,2014-05-31,121.0
Lanzhou,2014-05-30,149.0
Lanzhou,2014-05-29,153.0
Lanzhou,2014-05-28,144.0
Lanzhou,2014-05-27,169.0
Lanzhou,2014-05-26,193.0
Lanzhou,2014-05-25,257.0
Lanzhou,2014-05-24,267.0
Lanzhou,2014-05-23,120.0
Lanzhou,2014-05-22,101.0
Lanzhou,2014-05-21,151.0
Lanzhou,2014-05-20,146.0
Lanzhou,2014-05-19,153.0
Lanzhou,2014-05-18,136.0
Lanzhou,2014-05-17,119.0
Lanzhou,2014-05-16,133.0
Lanzhou,2014-05-15,101.0
Lanzhou,2014-05-14,140.0
Lanzhou,2014-05-13,142.0
Lanzhou,2014-05-12,147.0
Lanzhou,2014-05-11,118.0
Lanzhou,2014-05-10,309.0
Lanzhou,2014-05-09,460.0
Lanzhou,2014-05-08,150.0
Lanzhou,2014-05-07,134.0
Lanzhou,2014-05-06,126.0
Lanzhou,2014-05-05,110.0
Lanzhou,2014-05-04,139.0
Lanzhou,2014-05-03,133.0
Lanzhou,2014-05-02,116.0
Lanzhou,2014-05-01,204.0
Lanzhou,2014-04-30,305.0
Lanzhou,2014-04-29,168.0
Lanzhou,2014-04-28,171.0
Lanzhou,2014-04-27,252.0
Lanzhou,2014-04-26,360.0
Lanzhou,2014-04-25,348.0
Lanzhou,2014-04-24,623.0
Lanzhou,2014-04-23,125.0
Lanzhou,2014-04-22,86.0
Lanzhou,2014-04-21,136.0
Lanzhou,2014-04-20,104.0
Lanzhou,2014-04-19,96.0
Lanzhou,2014-04-18,122.0
Lanzhou,2014-04-17,91.0
Lanzhou,2014-04-16,114.0
Lanzhou,2014-04-15,106.0
Lanzhou,2014-04-14,122.0
Lanzhou,2014-04-13,132.0
Lanzhou,2014-04-12,142.0
Lanzhou,2014-04-11,145.0
Lanzhou,2014-04-10,165.0
Lanzhou,2014-04-09,147.0
Lanzhou,2014-04-08,156.0
Lanzhou,2014-04-06,133.0
Lanzhou,2014-04-05,149.0
Lanzhou,2014-04-04,127.0
Lanzhou,2014-04-03,112.0
Lanzhou,2014-04-02,144.0
Lanzhou,2014-03-31,146.0
Lanzhou,2014-03-30,167.0
Lanzhou,2014-03-29,149.0
Lanzhou,2014-03-28,159.0
Lanzhou,2014-03-27,156.0
Lanzhou,2014-03-26,193.0
Lanzhou,2014-03-25,157.0
Lanzhou,2014-03-24,128.0
Lanzhou,2014-03-23,108.0
Lanzhou,2014-03-22,118.0
Lanzhou,2014-03-21,96.0
Lanzhou,2014-03-20,135.0
Lanzhou,2014-03-19,157.0
Lanzhou,2014-03-18,128.0
Lanzhou,2014-03-17,148.0
Lanzhou,2014-03-16,171.0
Lanzhou,2014-03-15,149.0
Lanzhou,2014-03-14,125.0
Lanzhou,2014-03-13,94.0
Lanzhou,2014-03-12,100.0
Lanzhou,2014-03-11,145.0
Lanzhou,2014-03-10,158.0
Lanzhou,2014-03-08,154.0
Lanzhou,2014-03-07,117.0
Lanzhou,2014-03-06,187.0
Lanzhou,2014-03-05,130.0
Lanzhou,2014-03-04,121.0
Lanzhou,2014-03-03,119.0
Lanzhou,2014-03-02,110.0
Lanzhou,2014-03-01,103.0
Lanzhou,2014-02-28,130.0
Lanzhou,2014-02-27,221.0
Lanzhou,2014-02-26,164.0
Lanzhou,2014-02-25,153.0
Lanzhou,2014-02-24,163.0
Lanzhou,2014-02-23,211.0
Lanzhou,2014-02-22,162.0
Lanzhou,2014-02-21,164.0
Lanzhou,2014-02-20,146.0
Lanzhou,2014-02-19,142.0
Lanzhou,2014-02-18,165.0
Lanzhou,2014-02-17,158.0
Lanzhou,2014-02-16,158.0
Lanzhou,2014-02-15,172.0
Lanzhou,2014-02-14,161.0
Lanzhou,2014-02-13,139.0
Lanzhou,2014-02-12,150.0
Lanzhou,2014-02-11,136.0
Lanzhou,2014-02-10,86.0
Lanzhou,2014-02-09,150.0
Lanzhou,2014-02-08,145.0
Lanzhou,2014-02-07,137.0
Lanzhou,2014-02-06,119.0
Lanzhou,2014-02-05,95.0
Lanzhou,2014-02-04,73.0
Lanzhou,2014-02-03,159.0
Lanzhou,2014-02-02,155.0
Lanzhou,2014-02-01,223.0
Lanzhou,2014-01-31,164.0
Lanzhou,2014-01-30,176.0
Lanzhou,2014-01-29,133.0
Lanzhou,2014-01-28,135.0
Lanzhou,2014-01-27,167.0
Lanzhou,2014-01-26,137.0
Lanzhou,2014-01-25,99.0
Lanzhou,2014-01-24,176.0
Lanzhou,2014-01-23,180.0
Lanzhou,2014-01-22,169.0
Lanzhou,2014-01-21,164.0
Lanzhou,2014-01-20,134.0
Lanzhou,2014-01-19,178.0
Lanzhou,2014-01-18,171.0
Lanzhou,2014-01-17,179.0
Lanzhou,2014-01-16,273.0
Lanzhou,2014-01-15,160.0
Lanzhou,2014-01-14,158.0
Lanzhou,2014-01-13,131.0
Lanzhou,2014-01-12,98.0
Lanzhou,2014-01-11,134.0
Lanzhou,2014-01-10,133.0
Lanzhou,2014-01-09,81.0
Lanzhou,2014-01-08,62.0
Lanzhou,2014-01-07,169.0
Lanzhou,2014-01-06,173.0
Lanzhou,2014-01-05,176.0
Lanzhou,2014-01-04,154.0
Lanzhou,2014-01-03,147.0
Lanzhou,2014-01-02,188.0
